Div,Date,Time,HomeTeam,AwayTeam,FTHG,FTAG,FTR,HTHG,HTAG,HTR,Referee,HS,AS,HST,AST,HF,AF,HC,AC,HY,AY,HR,AR,B365H,B365D,B365A,BWH,BWD,BWA,IWH,IWD,IWA,PSH,PSD,PSA,WHH,WHD,WHA,VCH,VCD,VCA,MaxH,MaxD,MaxA,AvgH,AvgD,AvgA,B365>2.5,B365<2.5,P>2.5,P<2.5,Max>2.5,Max<2.5,Avg>2.5,Avg<2.5,AHh,B365AHH,B365AHA,PAHH,PAHA,MaxAHH,MaxAHA,AvgAHH,AvgAHA,B365CH,B365CD,B365CA,BWCH,BWCD,BWCA,IWCH,IWCD,IWCA,PSCH,PSCD,PSCA,WHCH,WHCD,WHCA,VCCH,VCCD,VCCA,MaxCH,MaxCD,MaxCA,AvgCH,AvgCD,AvgCA,B365C>2.5,B365C<2.5,PC>2.5,PC<2.5,MaxC>2.5,MaxC<2.5,AvgC>2.5,AvgC<2.5,AHCh,B365CAHH,B365CAHA,PCAHH,PCAHA,MaxCAHH,MaxCAHA,AvgCAHH,AvgCAHA
E1,20/06/2020,12:30,Fulham,Brentford,0,2,A,0,0,D,J Linington,9,13,4,5,11,12,2,5,1,1,0,0,2.8,3.4,2.5,2.7,3.3,2.5,2.9,3.25,2.45,3.04,3.34,2.52,3,3.3,2.45,2.9,3.4,2.45,3.08,3.4,2.6,2.88,3.27,2.48,2,1.8,2.06,1.85,2.06,1.87,1.99,1.82,0,2.11,1.79,2.16,1.79,2.16,1.82,2.08,1.79,2.87,3.3,2.45,2.7,3.3,2.5,2.7,3.05,2.5,2.99,3.35,2.55,2.88,3.2,2.55,2.8,3.3,2.6,2.99,3.39,2.67,2.81,3.25,2.54,2.05,1.8,2.1,1.81,2.13,1.87,2.01,1.79,0,2.06,1.84,2.13,1.81,2.13,1.88,2.02,1.83
E1,20/06/2020,12:30,Middlesbrough,Swansea,0,3,A,0,3,A,T Harrington,17,13,1,3,15,13,10,0,2,1,0,0,2.55,3.3,2.8,2.4,3.25,2.9,2.5,3.25,2.85,2.58,3.3,3,2.55,3.2,2.9,2.55,3.3,2.88,2.62,3.33,3.04,2.51,3.23,2.87,2,1.8,2.07,1.83,2.09,1.89,2.01,1.81,0,1.82,2.08,1.82,2.12,1.86,2.13,1.8,2.07,2.55,3.3,2.8,2.55,3.1,2.8,2.5,2.95,2.7,2.76,3.15,2.9,2.62,3.2,2.8,2.63,3.3,2.75,2.81,3.37,2.95,2.62,3.12,2.82,2.2,1.66,2.25,1.72,2.35,1.82,2.14,1.71,0,1.92,1.98,1.91,2,1.94,2.09,1.87,1.99
E1,20/06/2020,13:00,Millwall,Derby,2,3,A,1,1,D,S Martin,12,12,4,5,10,8,6,3,0,2,0,0,2.4,3.1,3.2,2.25,3.1,3.3,2.35,3.1,3.15,2.43,3.2,3.31,2.38,3.1,3.25,2.4,3.13,3.25,2.49,3.23,3.35,2.37,3.11,3.2,2.37,1.57,2.38,1.65,2.45,1.65,2.35,1.59,-0.25,2.05,1.85,2.06,1.86,2.07,1.88,2.03,1.83,2.4,3.1,3.2,2.35,3.1,3.1,2.45,3.05,3.1,2.57,3.1,3.2,2.5,3.1,3.1,2.5,3.1,3.1,2.63,3.22,3.3,2.46,3.05,3.12,2.3,1.61,2.42,1.63,2.43,1.67,2.35,1.59,-0.25,2.14,1.77,2.17,1.78,2.17,1.82,2.1,1.77
E1,20/06/2020,15:00,Blackburn,Bristol City,3,1,H,1,1,D,O Langford,9,7,4,1,14,21,2,1,2,2,0,0,2.2,3.4,3.3,2.2,3.4,3.1,2.15,3.35,3.35,2.18,3.46,3.61,2.2,3.4,3.3,2.2,3.4,3.4,2.27,3.46,3.61,2.17,3.37,3.35,1.9,1.9,1.98,1.92,2.06,1.92,1.97,1.84,-0.25,1.88,2.02,1.87,2.05,1.92,2.05,1.87,1.99,2.2,3.4,3.3,2.2,3.3,3.2,2.25,3.3,3.2,2.33,3.27,3.45,2.25,3.3,3.3,2.25,3.4,3.25,2.33,3.47,3.46,2.25,3.28,3.28,2,1.8,2.12,1.8,2.12,1.9,2.01,1.81,-0.25,1.98,1.92,1.99,1.93,2,1.95,1.95,1.91
E1,20/06/2020,15:00,Huddersfield,Wigan,0,2,A,0,1,A,J Gillett,9,9,1,5,16,17,3,2,2,1,0,0,2.37,3.25,3.1,2.3,3.3,3,2.4,3.15,3.05,2.47,3.31,3.15,2.4,3.2,3.1,2.38,3.3,3.13,2.53,3.31,3.18,2.38,3.21,3.06,2.2,1.66,2.28,1.7,2.28,1.72,2.2,1.67,-0.25,2.06,1.84,2.11,1.83,2.11,1.86,2.05,1.82,2.37,3.25,3.1,2.35,3.2,3,2.35,3.15,3.1,2.59,3.17,3.1,2.5,3.1,3.1,2.45,3.2,3.1,2.65,3.31,3.25,2.46,3.12,3.05,2.37,1.57,2.49,1.6,2.5,1.65,2.35,1.59,0,1.72,2.07,1.79,2.15,1.82,2.19,1.75,2.13
E1,20/06/2020,15:00,Hull,Charlton,0,1,A,0,1,A,J Brooks,12,10,3,2,13,20,9,3,1,0,0,0,2.2,3.4,3.3,2.1,3.4,3.3,2.25,3.4,3.15,2.29,3.51,3.3,2.25,3.4,3.2,2.25,3.5,3.2,2.35,3.51,3.35,2.24,3.39,3.19,1.9,1.9,1.92,1.98,1.98,1.99,1.88,1.93,-0.25,1.97,1.93,1.97,1.94,2,1.95,1.95,1.91,2.35,3.25,3.1,2.25,3.2,3.2,2.4,3.2,2.95,2.48,3.31,3.12,2.4,3.25,3.1,2.5,3.3,2.9,2.5,3.35,3.2,2.41,3.23,3.03,2,1.8,2.04,1.86,2.13,1.88,1.98,1.82,-0.25,2.1,1.8,2.12,1.82,2.19,1.83,2.09,1.78
E1,20/06/2020,15:00,Luton,Preston,1,1,D,0,0,D,J Brooks,5,12,1,4,9,7,5,7,1,0,0,0,3.3,3.4,2.2,3.3,3.3,2.15,3.3,3.35,2.15,3.56,3.37,2.23,3.4,3.3,2.2,3.4,3.4,2.2,3.56,3.46,2.3,3.32,3.32,2.2,1.9,1.9,2.01,1.88,2.01,1.95,1.93,1.88,0.25,1.98,1.92,2,1.91,2.02,1.95,1.96,1.89,3.3,3.4,2.2,3.3,3.3,2.15,3.25,3.1,2.15,3.37,3.31,2.35,3.5,3.2,2.2,3.3,3.4,2.25,3.55,3.47,2.4,3.31,3.24,2.25,2.3,1.61,2.27,1.71,2.35,1.86,2.16,1.7,0.25,1.92,1.98,1.92,2,1.96,2,1.91,1.95
E1,20/06/2020,15:00,QPR,Barnsley,0,1,A,0,1,A,A Davies,8,10,2,2,11,18,2,6,0,1,0,0,2.15,3.5,3.3,2.05,3.6,3.25,2.2,3.55,3.1,2.27,3.55,3.3,2.2,3.5,3.2,2.2,3.7,3.13,2.27,3.7,3.31,2.19,3.52,3.17,1.66,2.2,1.71,2.26,1.72,2.35,1.67,2.21,-0.25,1.95,1.95,1.96,1.95,1.96,2.01,1.92,1.93,2.15,3.6,3.25,2.05,3.6,3.25,2.1,3.55,3.3,2.09,3.69,3.62,2.1,3.6,3.4,2.1,3.7,3.4,2.19,3.7,3.63,2.1,3.56,3.38,1.66,2.2,1.71,2.26,1.71,2.29,1.66,2.22,-0.25,1.75,2.05,1.82,2.12,1.86,2.15,1.82,2.04
E1,20/06/2020,15:00,Reading,Stoke,1,1,D,1,0,H,M Salisbury,7,10,3,3,11,13,4,5,0,1,0,0,2.9,3.25,2.5,2.85,3.2,2.45,3,3.15,2.4,3.22,3.25,2.46,3.1,3.2,2.4,3,3.2,2.5,3.22,3.26,2.5,3.03,3.18,2.42,2.2,1.66,2.27,1.7,2.27,1.77,2.17,1.69,0.25,1.81,2.09,1.84,2.09,1.84,2.2,1.78,2.08,2.9,3,2.62,3,3,2.45,2.85,3.05,2.6,3.03,3.08,2.7,2.9,3.1,2.62,2.9,3.1,2.63,3.03,3.2,2.74,2.91,3.04,2.61,2.3,1.61,2.36,1.66,2.37,1.7,2.26,1.64,0,2.06,1.84,2.08,1.85,2.12,1.87,2.04,1.82
E1,20/06/2020,15:00,Sheffield Weds,Nott'm Forest,1,1,D,0,0,D,R Jones,13,10,3,3,17,15,7,4,3,3,0,0,2.6,3.25,2.8,2.5,3.25,2.75,2.6,3.2,2.75,2.73,3.27,2.84,2.62,3.2,2.8,2.55,3.3,2.88,2.8,3.31,2.88,2.6,3.21,2.78,2.1,1.72,2.16,1.78,2.16,1.82,2.07,1.76,0,1.86,2.04,1.92,2,1.92,2.07,1.86,2,2.6,3.25,2.8,2.5,3.25,2.75,2.65,3.15,2.7,2.79,3.23,2.81,2.7,3.2,2.7,2.75,3.3,2.63,2.86,3.31,2.85,2.68,3.17,2.72,2.1,1.72,2.22,1.74,2.24,1.78,2.12,1.72,0,1.97,1.93,1.95,1.96,2,1.98,1.93,1.92
E1,20/06/2020,15:00,West Brom,Birmingham,0,0,D,0,0,D,D Bond,20,7,2,2,11,11,12,3,1,3,0,0,1.61,4,5.5,1.62,3.8,5.25,1.67,3.85,5,1.68,3.92,5.58,1.65,3.8,5.5,1.65,4,5.25,1.7,4.05,5.74,1.65,3.86,5.22,1.8,2,1.87,2.03,1.87,2.14,1.8,2.01,-0.75,1.86,2.04,1.89,2.03,1.89,2.1,1.85,2.01,1.61,4,5.5,1.62,3.8,5.25,1.65,3.8,5.1,1.67,3.99,5.63,1.62,3.9,5.8,1.62,4,5.5,1.69,4.1,6,1.65,3.87,5.32,1.8,2,1.83,2.08,1.9,2.09,1.8,2,-0.75,1.83,2.07,1.86,2.06,1.86,2.11,1.83,2.03
E1,21/06/2020,12:00,Cardiff,Leeds,2,0,H,1,0,H,A Woolmer,7,13,2,3,17,12,2,10,2,4,0,0,5.5,3.9,1.61,5,3.75,1.65,5.1,3.85,1.65,5.69,4,1.66,5.5,3.8,1.65,5,4,1.62,5.69,4,1.71,5.26,3.85,1.65,1.8,2,1.88,2.02,1.89,2.06,1.83,1.98,0.75,2.05,1.85,2.09,1.84,2.09,1.89,2.02,1.83,5,3.6,1.72,5,3.75,1.65,4.75,3.45,1.77,5.25,3.54,1.81,4.8,3.7,1.75,4.75,3.6,1.8,5.3,3.75,1.84,4.91,3.51,1.77,2.1,1.72,2.21,1.75,2.24,1.95,2.09,1.74,0.75,1.84,2.06,1.86,2.06,1.89,2.11,1.83,2.03
E1,26/06/2020,19:45,Brentford,West Brom,1,0,H,1,0,H,K Stroud,9,12,2,2,18,14,3,2,2,1,0,0,2.5,3.3,2.9,2.4,3.3,3,2.45,3.25,2.85,2.56,3.32,2.96,2.5,3.25,2.9,2.55,3.3,2.88,2.62,3.34,3.05,2.5,3.24,2.9,2.1,1.72,2.08,1.82,2.15,1.83,2.06,1.76,0,1.82,2.08,1.81,2.1,1.85,2.11,1.8,2.05,2.4,3.3,3,2.55,3.2,2.9,2.45,3.15,2.95,2.53,3.28,3.04,2.45,3.2,3,2.5,3.25,3,2.55,3.37,3.12,2.47,3.19,2.97,2.2,1.66,2.27,1.7,2.31,1.73,2.2,1.66,0,1.75,2.05,1.79,2.15,1.82,2.18,1.76,2.1
E1,27/06/2020,12:30,Charlton,QPR,1,0,H,1,0,H,T Robinson,12,6,5,1,11,11,10,1,1,0,0,0,3.3,3.4,2.2,3.4,3.3,2.1,3.3,3.4,2.15,3.46,3.45,2.17,3.4,3.4,2.15,3.3,3.5,2.2,3.46,3.6,2.3,3.32,3.41,2.16,1.9,1.95,1.91,1.95,1.94,1.99,1.88,1.92,0.25,2,1.9,2.01,1.87,2.02,1.94,1.98,1.87,3.25,3.3,2.25,3.2,3.3,2.2,3,3.1,2.3,3.21,3.27,2.42,3.3,3.25,2.3,3.1,3.3,2.4,3.33,3.38,2.45,3.13,3.27,2.33,1.95,1.9,2,1.88,2,2.03,1.92,1.89,0.25,1.84,2.06,1.84,2.06,1.87,2.16,1.83,2.03
E1,27/06/2020,12:30,Preston,Cardiff,1,3,A,0,0,D,O Langford,14,13,3,6,11,10,3,5,1,2,0,0,2.37,3.25,3.1,2.25,3.25,3.1,2.4,3.15,3,2.5,3.22,3.04,2.45,3.2,3,2.4,3.25,3.1,2.6,3.34,3.11,2.42,3.21,3.01,2.2,1.66,2.19,1.71,2.22,1.77,2.14,1.7,-0.25,2.08,1.82,2.12,1.77,2.14,1.87,2.08,1.79,2.5,3,3.1,2.4,3.2,2.9,2.4,3.1,3.05,2.5,3.1,3.25,2.4,3.2,3.1,2.45,3.2,3.1,2.58,3.2,3.31,2.44,3.11,3.1,2.3,1.61,2.4,1.63,2.43,1.68,2.29,1.62,-0.25,2.08,1.82,2.11,1.81,2.11,1.84,2.06,1.8
E1,27/06/2020,12:30,Swansea,Luton,0,1,A,0,0,D,A Woolmer,10,7,3,2,12,19,6,2,2,3,1,0,1.66,4,5,1.65,3.9,4.75,1.7,3.75,4.7,1.73,3.79,5,1.7,3.9,4.8,1.7,4,4.8,1.77,4,5.12,1.7,3.81,4.84,1.8,2,1.88,1.99,1.89,2.06,1.83,1.98,-0.75,1.95,1.95,1.96,1.92,1.97,1.99,1.93,1.92,1.7,3.8,5,1.65,3.9,4.75,1.7,3.75,4.75,1.76,3.86,4.84,1.7,3.9,5,1.73,3.9,4.8,1.76,4.07,5.2,1.71,3.78,4.88,1.95,1.9,2.01,1.87,2.01,2.03,1.91,1.89,-0.75,1.97,1.93,2,1.9,2.06,1.95,1.96,1.9
E1,27/06/2020,13:00,Barnsley,Millwall,0,0,D,0,0,D,J Simpson,9,9,5,1,12,16,4,8,2,2,0,0,2.62,3.25,2.75,2.6,3.1,2.75,2.65,3.15,2.7,2.78,3.16,2.75,2.75,3.1,2.75,2.7,3.2,2.75,2.8,3.25,2.9,2.7,3.14,2.72,2.2,1.66,2.28,1.66,2.31,1.76,2.19,1.68,0,1.93,1.97,1.95,1.93,1.97,2,1.91,1.94,2.62,3.25,2.75,2.6,3.1,2.75,2.6,2.95,2.6,2.83,3.21,2.74,2.7,3.2,2.7,2.7,3.25,2.75,2.83,3.32,2.81,2.7,3.14,2.72,2.2,1.66,2.31,1.67,2.31,1.75,2.21,1.66,0,1.95,1.95,1.98,1.92,2.01,1.98,1.92,1.92
E1,27/06/2020,13:00,Derby,Reading,2,1,H,2,0,H,S Duncan,13,12,6,4,13,12,4,8,2,0,1,1,2.1,3.4,3.6,2.1,3.25,3.5,2.1,3.4,3.45,2.14,3.34,3.66,2.1,3.4,3.6,2.1,3.4,3.6,2.2,3.58,3.8,2.11,3.36,3.52,2,1.8,2,1.87,2.04,1.89,1.97,1.84,-0.25,1.84,2.06,1.83,2.05,1.88,2.09,1.83,2.02,2.05,3.3,3.8,2.1,3.25,3.5,2,3.3,3.55,2.12,3.36,3.82,2.05,3.4,3.75,2.1,3.4,3.7,2.18,3.45,3.89,2.08,3.33,3.66,2,1.8,2.04,1.85,2.04,1.92,1.98,1.83,-0.25,1.81,2.09,1.81,2.11,1.82,2.13,1.79,2.08
E1,27/06/2020,15:00,Birmingham,Hull,3,3,D,0,2,A,D Whitestone,14,12,4,3,12,10,4,5,3,0,0,0,1.75,3.75,4.75,1.72,3.75,4.5,1.77,3.65,4.4,1.79,3.7,4.73,1.78,3.6,4.75,1.8,3.75,4.5,1.83,3.88,4.75,1.77,3.69,4.54,1.8,2,1.85,2.01,1.87,2.08,1.82,1.99,-0.75,2.04,1.86,2.03,1.85,2.08,1.88,2.01,1.84,1.8,3.6,4.5,1.75,3.6,4.5,1.83,3.3,4.1,1.97,3.4,4.32,1.88,3.6,4.2,1.93,3.6,4,2.01,3.69,4.61,1.9,3.45,4.21,1.9,1.9,2.03,1.85,2.04,1.95,1.94,1.86,-0.5,1.99,1.91,1.97,1.93,2,2,1.93,1.91
E1,27/06/2020,15:00,Leeds,Fulham,3,0,H,1,0,H,T Harrington,10,12,5,5,16,15,4,4,2,2,0,1,1.7,3.9,4.75,1.7,3.7,4.75,1.73,3.7,4.6,1.77,3.73,4.83,1.75,3.6,5,1.73,3.75,5,1.8,3.9,5.04,1.74,3.72,4.75,1.9,1.9,2,1.86,2.01,1.95,1.93,1.87,-0.75,1.99,1.91,2.01,1.87,2.01,1.95,1.97,1.88,1.7,3.8,5,1.72,3.7,4.5,1.67,3.5,4.8,1.68,3.99,5.32,1.67,3.8,5.25,1.67,3.75,5.5,1.73,4,5.5,1.69,3.77,5.06,2,1.8,2.01,1.88,2.13,1.89,1.99,1.82,-0.75,1.86,2.04,1.88,2.02,1.95,2.07,1.87,1.98
E1,27/06/2020,15:00,Stoke,Middlesbrough,0,2,A,0,1,A,M Donohue,22,8,6,3,16,16,7,7,0,1,0,0,2.2,3.2,3.5,2.15,3.1,3.5,2.2,3.1,3.5,2.22,3.15,3.68,2.25,3.1,3.6,2.2,3.2,3.6,2.3,3.2,3.7,2.2,3.12,3.55,2.5,1.53,2.38,1.61,2.5,1.63,2.39,1.58,-0.25,1.9,2,1.88,2,1.93,2.03,1.88,1.97,2.2,3.2,3.5,2.15,3.1,3.5,2.25,2.9,3.25,2.37,3.12,3.46,2.3,3.1,3.4,2.4,3.2,3.2,2.45,3.27,3.65,2.3,3.08,3.4,2.5,1.53,2.51,1.58,2.57,1.6,2.45,1.54,-0.25,2.04,1.86,2.01,1.89,2.08,1.95,1.99,1.86
E1,27/06/2020,15:00,Wigan,Blackburn,2,0,H,0,0,D,D England,13,12,3,3,13,14,3,6,1,0,0,0,2.62,3.25,2.75,2.5,3.2,2.8,2.65,3.05,2.8,2.71,3.08,2.89,2.7,3,2.88,2.63,3.1,2.9,2.75,3.25,2.95,2.64,3.08,2.82,2.3,1.61,2.45,1.57,2.48,1.65,2.35,1.59,0,1.87,2.03,1.88,2,1.93,2.06,1.86,1.98,2.6,2.9,3.1,2.6,2.95,2.9,2.45,2.85,2.9,2.64,2.99,3.15,2.55,3.1,3,2.55,3.1,3,2.68,3.16,3.2,2.58,2.96,3.03,2.37,1.57,2.44,1.61,2.49,1.64,2.36,1.59,0,1.78,2.13,1.79,2.14,1.83,2.16,1.77,2.09
E1,28/06/2020,12:00,Bristol City,Sheffield Weds,1,2,A,0,1,A,J Brooks,7,12,3,4,13,17,3,9,1,2,0,0,2.62,3.3,2.7,2.55,3.3,2.65,2.65,3.2,2.65,2.74,3.31,2.68,2.7,3.3,2.62,2.63,3.3,2.6,2.78,3.44,2.85,2.66,3.26,2.66,2.02,1.83,2.05,1.81,2.07,1.88,2,1.81,0,1.97,1.93,1.96,1.92,1.99,2,1.93,1.92,2.87,3.3,2.5,2.7,3.3,2.5,2.9,3.25,2.4,3.03,3.36,2.48,2.9,3.3,2.5,3,3.3,2.45,3.07,3.44,2.55,2.89,3.29,2.47,2.1,1.72,2.15,1.77,2.24,1.86,2.06,1.76,0.25,1.75,2.05,1.79,2.13,1.82,2.2,1.76,2.11
E1,28/06/2020,14:15,Nott'm Forest,Huddersfield,3,1,H,1,0,H,D Webb,14,14,6,4,14,10,3,11,3,0,0,1,2.2,3.2,3.5,2.1,3.25,3.5,2.25,3.15,3.35,2.33,3.18,3.39,2.3,3.1,3.4,2.2,3.2,3.25,2.35,3.39,3.6,2.23,3.18,3.39,2.3,1.61,2.34,1.63,2.37,1.67,2.3,1.61,-0.25,1.97,1.93,1.98,1.9,1.99,2,1.94,1.91,2.15,3.1,3.75,2.2,3.1,3.4,2.1,3.15,3.65,2.16,3.25,3.83,2.15,3.2,3.7,2.15,3.2,3.75,2.21,3.32,3.84,2.15,3.15,3.66,2.3,1.61,2.4,1.63,2.43,1.65,2.33,1.6,-0.25,1.81,2.09,1.84,2.07,1.85,2.16,1.81,2.04
E1,30/06/2020,17:00,Millwall,Swansea,1,1,D,1,0,H,J Linington,16,9,2,4,15,8,12,5,2,1,0,0,2.45,3.2,3,2.55,2.9,3,2.55,3.05,2.95,2.63,3.11,3.04,2.6,3,3,2.63,3.1,2.9,2.7,3.2,3.06,2.56,3.05,2.98,2.3,1.61,2.35,1.65,2.41,1.68,2.3,1.62,0,1.83,2.07,1.81,2.1,1.86,2.12,1.8,2.07,2.55,3.1,2.9,2.55,3,2.9,2.65,3.05,2.85,2.7,3.1,2.96,2.62,3.1,2.88,2.7,3.1,2.88,2.75,3.19,3,2.64,3.05,2.88,2.37,1.57,2.41,1.62,2.42,1.66,2.33,1.6,0,1.87,2.03,1.86,2.04,1.92,2.12,1.85,2
E1,30/06/2020,18:00,Barnsley,Blackburn,2,0,H,0,0,D,T Harrington,12,10,5,5,12,12,3,3,1,2,0,1,2.5,3.3,2.9,2.4,3.3,2.85,2.5,3.2,2.85,2.57,3.3,2.96,2.5,3.25,2.9,2.55,3.3,2.88,2.6,3.32,3,2.51,3.25,2.87,2.1,1.72,2.12,1.79,2.15,1.82,2.06,1.77,0,1.83,2.07,1.82,2.1,1.86,2.1,1.81,2.05,2.55,3.3,2.8,2.5,3.2,2.8,2.55,3.2,2.8,2.61,3.32,2.89,2.6,3.2,2.8,2.55,3.3,2.88,2.65,3.37,2.93,2.56,3.23,2.82,2.1,1.72,2.17,1.75,2.24,1.81,2.12,1.72,0,1.85,2.05,1.85,2.05,1.87,2.1,1.83,2.03
E1,30/06/2020,18:00,Cardiff,Charlton,0,0,D,0,0,D,S Martin,8,4,1,0,10,8,3,3,1,1,0,0,1.83,3.5,4.5,1.8,3.5,4.4,1.83,3.45,4.45,1.82,3.66,4.78,1.8,3.5,4.75,1.8,3.6,4.75,1.85,3.7,4.8,1.81,3.54,4.57,2.1,1.72,2.11,1.79,2.14,1.81,2.06,1.76,-0.5,1.83,2.07,1.82,2.1,1.85,2.1,1.81,2.04,1.72,3.6,5,1.75,3.5,4.6,1.75,3.55,4.8,1.79,3.68,4.94,1.75,3.6,5,1.75,3.7,5,1.8,3.7,5.15,1.75,3.6,4.88,2.1,1.72,2.13,1.78,2.24,1.79,2.09,1.74,-0.75,2.07,1.83,2.06,1.85,2.09,1.9,2.01,1.85
E1,30/06/2020,18:00,Reading,Brentford,0,3,A,0,1,A,D Whitestone,5,19,1,9,10,11,3,6,0,1,0,0,5,3.75,1.7,5,3.6,1.7,5.2,3.7,1.67,5.62,3.79,1.69,5.5,3.7,1.67,5.5,3.75,1.67,5.62,3.8,1.73,5.2,3.7,1.69,2.02,1.83,2.06,1.83,2.07,1.86,2,1.8,0.75,2,1.9,2,1.89,2.01,1.95,1.95,1.89,5.75,3.9,1.61,6,3.6,1.6,5.8,3.8,1.6,6.46,3.95,1.6,6,3.8,1.6,5.5,3.9,1.65,6.46,4,1.65,5.9,3.81,1.61,2,1.8,2.06,1.83,2.13,1.86,2.02,1.79,1,1.72,2.07,1.83,2.08,1.83,2.17,1.76,2.1
E1,30/06/2020,18:30,QPR,Fulham,1,2,A,1,1,D,G Ward,11,14,2,5,8,10,6,6,2,3,0,0,3.3,3.4,2.2,3.1,3.4,2.2,3.25,3.35,2.2,3.34,3.46,2.26,3.4,3.3,2.2,3.3,3.4,2.25,3.55,3.5,2.35,3.26,3.38,2.22,1.98,1.88,1.96,1.92,2.05,1.96,1.93,1.87,0.25,1.96,1.94,1.95,1.94,1.99,1.96,1.93,1.92,3.4,3.4,2.15,3.1,3.4,2.2,3.3,3.3,2.2,3.42,3.47,2.22,3.3,3.4,2.2,3.3,3.4,2.25,3.47,3.5,2.28,3.29,3.38,2.2,2,1.8,2.03,1.85,2.13,1.96,1.98,1.82,0.25,1.97,1.93,1.98,1.91,2.03,1.95,1.94,1.91
E1,30/06/2020,19:45,Leeds,Luton,1,1,D,0,0,D,J Brooks,23,3,9,2,9,10,15,1,0,5,0,0,1.25,6,11,1.26,5.5,10.5,1.28,5.4,10.5,1.27,5.89,12.89,1.27,5.5,12,1.25,5.75,11.5,1.29,6,12.89,1.27,5.65,11.24,1.66,2.2,1.71,2.24,1.71,2.29,1.67,2.21,-1.5,1.9,2,1.91,1.98,1.91,2.08,1.87,1.99,1.25,6.5,11,1.26,5.5,10.5,1.26,5.6,11,1.27,5.94,12.68,1.25,5.8,13,1.25,6,13,1.29,6.59,13.25,1.25,5.87,11.71,1.66,2.2,1.72,2.23,1.74,2.29,1.67,2.2,-1.75,2.02,1.77,2.12,1.81,2.13,1.86,2.05,1.81
E1,30/06/2020,19:45,Wigan,Stoke,3,0,H,1,0,H,J Simpson,16,7,7,1,11,13,6,4,1,3,0,0,2.75,3,2.87,2.75,2.95,2.7,2.7,2.9,2.85,2.79,3,2.96,2.75,2.9,2.9,2.75,3,2.9,2.8,3.07,3.05,2.74,2.95,2.87,2.5,1.53,2.67,1.52,2.68,1.56,2.55,1.51,0,1.89,2.01,1.89,2.01,1.94,2.05,1.87,1.98,2.7,3,2.87,2.7,2.9,2.8,2.7,2.9,2.9,2.77,2.98,3,2.7,2.9,3,2.7,3,2.9,2.77,3.07,3.05,2.7,2.93,2.91,2.75,1.44,2.77,1.49,2.86,1.56,2.62,1.49,0,1.87,2.03,1.87,2.03,1.94,2.06,1.86,2
E1,01/07/2020,17:00,Preston,Derby,0,1,A,0,1,A,J Gillett,9,8,1,3,10,11,7,5,0,0,0,0,2.4,3.3,3,2.3,3.3,3,2.45,3.2,2.9,2.51,3.38,2.97,2.45,3.4,2.9,2.5,3.4,2.88,2.6,3.4,3.05,2.46,3.28,2.91,2,1.8,2,1.86,2.11,1.87,2.01,1.81,0,1.8,2.1,1.79,2.11,1.84,2.14,1.79,2.08,2.55,3.3,2.8,2.35,3.3,2.9,2.5,3.25,2.8,2.52,3.41,2.93,2.5,3.3,2.88,2.55,3.3,2.88,2.65,3.41,2.99,2.51,3.3,2.83,2.02,1.83,2.02,1.87,2.13,1.88,2.01,1.8,0,1.83,2.07,1.81,2.11,1.88,2.11,1.82,2.04
E1,01/07/2020,18:00,Birmingham,Huddersfield,0,3,A,0,1,A,R Jones,10,12,2,6,17,20,4,4,0,1,0,0,2.45,3.2,3,2.4,3,3.1,2.45,3.15,3,2.52,3.2,3.11,2.45,3.2,3,2.5,3.25,3,2.6,3.29,3.15,2.45,3.16,3.02,2.1,1.72,2.19,1.73,2.22,1.78,2.13,1.72,-0.25,2.14,1.77,2.13,1.78,2.19,1.81,2.11,1.77,2.45,3.2,3,2.45,3.1,2.95,2.45,3.15,3,2.51,3.28,3.06,2.45,3.2,3,2.5,3.25,3,2.57,3.28,3.1,2.46,3.18,3,2.1,1.72,2.14,1.77,2.24,1.78,2.12,1.72,-0.25,2.1,1.8,2.14,1.79,2.17,1.83,2.1,1.77
E1,01/07/2020,18:00,Nott'm Forest,Bristol City,1,0,H,0,0,D,D Bond,11,8,3,2,12,11,3,8,0,2,0,1,2.05,3.4,3.75,2.05,3.4,3.5,2.05,3.35,3.65,2.05,3.48,3.9,2.05,3.5,3.6,2.1,3.4,3.7,2.12,3.58,3.9,2.05,3.4,3.68,2,1.8,2.06,1.81,2.09,1.85,2.03,1.79,-0.25,1.72,2.07,1.76,2.16,1.84,2.19,1.77,2.11,1.85,3.5,4.33,1.91,3.4,3.9,1.85,3.5,4.3,1.87,3.62,4.54,1.83,3.6,4.4,1.87,3.5,4.5,1.95,3.7,4.54,1.87,3.51,4.29,2.02,1.83,2.04,1.85,2.13,1.88,2.02,1.8,-0.5,1.86,2.04,1.87,2.04,1.95,2.08,1.87,1.99
E1,01/07/2020,19:45,Sheffield Weds,West Brom,0,3,A,0,1,A,D Webb,14,9,2,4,8,13,11,4,0,4,0,0,3.8,3.5,2,4,3.3,1.95,3.9,3.4,1.95,4.15,3.53,1.97,4,3.5,1.95,3.9,3.5,2,4.2,3.55,2.05,3.93,3.42,1.97,2.05,1.8,2.05,1.82,2.09,1.86,2.03,1.79,0.5,1.91,1.99,1.92,1.96,1.93,2.04,1.88,1.97,4.33,3.75,1.8,4.4,3.3,1.85,4.45,3.5,1.8,4.48,3.66,1.86,4.33,3.6,1.85,4.6,3.6,1.83,4.7,3.83,1.91,4.39,3.56,1.83,2,1.8,2.14,1.78,2.24,1.84,2.06,1.76,0.5,2.05,1.85,2.04,1.86,2.09,1.88,2.02,1.83
E1,02/07/2020,17:00,Hull,Middlesbrough,2,1,H,1,1,D,G Eltringham,8,14,3,3,18,21,0,5,1,1,0,0,3.5,3.2,2.2,3.2,3.25,2.2,3.35,3.25,2.2,3.49,3.37,2.23,3.4,3.3,2.2,3.3,3.3,2.15,3.55,3.44,2.27,3.37,3.29,2.19,2.1,1.72,2.17,1.74,2.22,1.77,2.12,1.72,0.25,1.99,1.91,1.97,1.9,2,1.93,1.96,1.88,3.1,3.3,2.37,3.4,3.3,2.1,3.05,3.2,2.35,3.1,3.25,2.45,3.2,3.2,2.35,3.13,3.3,2.38,3.6,3.38,2.45,3.19,3.25,2.3,2.1,1.72,2.09,1.8,2.24,1.82,2.07,1.75,0.25,1.83,2.07,1.81,2.09,2,2.14,1.84,2.02
E1,03/07/2020,20:15,Charlton,Millwall,0,1,A,0,0,D,D Whitestone,14,12,3,4,13,14,4,9,3,3,0,0,3.4,3,2.35,3.4,3,2.25,3.4,2.9,2.35,3.45,2.96,2.43,3.5,3.1,2.25,3.3,3.1,2.38,3.55,3.1,2.45,3.42,2.95,2.35,2.75,1.44,2.77,1.48,2.79,1.53,2.67,1.47,0.25,1.85,2.05,1.85,2.05,1.9,2.06,1.84,2.01,3.6,3,2.25,3.4,3,2.25,3.65,2.95,2.2,3.67,3.09,2.25,3.7,3,2.2,3.8,3,2.25,3.85,3.1,2.31,3.65,2.98,2.24,3,1.4,2.73,1.49,3.06,1.49,2.79,1.43,0.25,2,1.9,1.98,1.92,2.05,1.93,1.97,1.88
E1,04/07/2020,12:30,Derby,Nott'm Forest,1,1,D,0,1,A,D England,10,10,3,4,12,7,3,4,1,3,1,0,2.37,3.25,3.1,2.4,3.1,3,2.4,3.15,3,2.44,3.17,3.19,2.45,3.2,3,2.45,3.25,3,2.49,3.29,3.24,2.42,3.18,3.05,2.1,1.72,2.21,1.7,2.23,1.78,2.14,1.71,-0.25,2.07,1.83,2.08,1.83,2.13,1.85,2.07,1.8,2.45,3.2,3,2.4,3.1,3,2.45,3.15,3,2.5,3.14,3.11,2.45,3.1,3,2.5,3.2,3,2.55,3.27,3.16,2.46,3.13,3.03,2.1,1.72,2.22,1.7,2.24,1.75,2.16,1.69,-0.25,2.14,1.77,2.13,1.79,2.19,1.8,2.11,1.76
E1,04/07/2020,15:00,Blackburn,Leeds,1,3,A,0,2,A,R Jones,11,17,3,5,18,12,0,4,1,2,0,0,5.25,3.8,1.66,5,3.75,1.65,5.4,3.75,1.65,5.62,3.9,1.65,5.5,3.75,1.67,5.75,3.9,1.62,5.75,4,1.69,5.39,3.8,1.65,2.1,1.72,2.04,1.82,2.14,1.84,2.05,1.78,0.75,2.06,1.84,2.05,1.83,2.09,1.89,2.03,1.83,5.5,4.1,1.6,5.75,3.9,1.57,5.6,3.85,1.6,5.61,4.02,1.63,5.8,3.8,1.6,6,4,1.6,6,4.18,1.66,5.63,3.93,1.61,2,1.8,2,1.88,2.13,1.89,2,1.81,0.75,2.09,1.81,2.09,1.81,2.14,1.85,2.07,1.79
E1,04/07/2020,15:00,Brentford,Wigan,3,0,H,1,0,H,M Donohue,18,3,6,0,9,14,9,2,0,1,0,1,1.5,4.33,6.5,1.53,4,6,1.5,4.15,6.7,1.48,4.28,7.5,1.52,4,7,1.5,4.2,7,1.56,4.5,7.5,1.5,4.17,6.64,1.9,1.9,1.9,1.96,1.99,1.97,1.9,1.91,-1,1.89,2.01,1.84,2.04,1.93,2.1,1.86,1.99,1.5,4.33,6.5,1.48,4.1,6.5,1.47,4.25,6.8,1.46,4.42,7.55,1.44,4.2,7.5,1.5,4.2,7,1.53,4.45,7.6,1.48,4.25,6.89,1.9,1.9,1.88,2,1.99,2.03,1.88,1.92,-1,1.82,2.08,1.79,2.11,1.91,2.13,1.81,2.04
E1,04/07/2020,15:00,Bristol City,Cardiff,0,1,A,0,0,D,T Robinson,11,13,2,3,9,12,5,6,1,0,0,0,3.3,3.3,2.25,3.2,3.25,2.2,3.2,3.3,2.25,3.29,3.45,2.24,3.2,3.4,2.25,3.25,3.4,2.25,3.45,3.45,2.35,3.22,3.34,2.24,2,1.8,2.04,1.82,2.09,1.85,2.02,1.79,0.25,1.93,1.97,1.94,1.93,1.96,2.01,1.91,1.94,3,3.25,2.4,3.25,3.25,2.2,3,3.25,2.35,3.08,3.31,2.42,3,3.3,2.35,2.9,3.4,2.45,3.26,3.42,2.47,3.08,3.28,2.35,2,1.8,2.08,1.81,2.13,1.86,2.02,1.79,0.25,1.79,2.11,1.82,2.08,1.89,2.17,1.81,2.06
E1,04/07/2020,15:00,Fulham,Birmingham,1,0,H,0,0,D,K Stroud,15,6,5,2,9,18,9,4,2,4,0,0,1.72,3.8,4.75,1.72,3.75,4.5,1.77,3.6,4.55,1.79,3.63,4.88,1.75,3.7,4.8,1.75,3.75,4.75,1.83,3.8,4.88,1.76,3.64,4.65,1.9,1.9,1.86,2,1.94,2.02,1.86,1.95,-0.75,2.02,1.88,2.03,1.85,2.05,1.9,2.01,1.85,1.75,3.6,5,1.78,3.6,4.4,1.8,3.45,4.55,1.83,3.47,4.91,1.75,3.5,5,1.8,3.6,4.75,1.85,3.66,5.09,1.8,3.48,4.74,2,1.8,2.06,1.83,2.13,1.9,2.01,1.8,-0.5,1.81,2.09,1.83,2.08,1.86,2.16,1.81,2.05
E1,04/07/2020,15:00,Huddersfield,Preston,0,0,D,0,0,D,D Bond,2,9,1,0,9,14,2,7,0,0,0,0,2.6,3.2,2.8,2.55,3,2.9,2.6,3.1,2.8,2.65,3.15,2.89,2.62,3.1,2.88,2.63,3.2,2.88,2.7,3.2,3.05,2.61,3.11,2.84,2.3,1.61,2.28,1.66,2.43,1.68,2.29,1.63,0,1.87,2.03,1.85,2.03,1.91,2.06,1.85,2.01,2.6,3.1,2.9,2.6,2.95,2.85,2.55,3.05,2.9,2.58,3.11,3.03,2.55,3.1,2.9,2.6,3.2,2.88,2.66,3.2,3.09,2.57,3.08,2.92,2.3,1.61,2.4,1.61,2.4,1.71,2.27,1.63,0,1.82,2.08,1.79,2.11,1.89,2.15,1.81,2.05
E1,04/07/2020,15:00,Luton,Reading,0,5,A,0,3,A,J Linington,5,16,1,10,11,13,4,3,0,1,0,0,2.6,3.25,2.8,2.5,3.2,2.8,2.55,3.2,2.75,2.62,3.25,2.85,2.62,3.25,2.75,2.6,3.3,2.8,2.66,3.35,2.95,2.57,3.22,2.8,2.1,1.72,2.15,1.74,2.17,1.83,2.08,1.75,0,1.86,2.04,1.85,2.03,1.88,2.06,1.85,2.01,2.5,3.2,3,2.45,3.2,2.85,2.45,3.2,2.95,2.47,3.25,3.06,2.4,3.2,3,2.45,3.3,3,2.6,3.3,3.11,2.46,3.21,2.97,2.2,1.66,2.24,1.69,2.26,1.76,2.15,1.71,0,1.78,2.13,1.75,2.18,1.88,2.22,1.76,2.12
E1,04/07/2020,15:00,Stoke,Barnsley,4,0,H,3,0,H,A Woolmer,14,5,7,3,12,15,6,3,2,0,0,0,2.3,3.25,3.25,2.3,3.2,3.1,2.3,3.15,3.2,2.37,3.12,3.37,2.3,3.2,3.3,2.3,3.25,3.25,2.45,3.32,3.41,2.31,3.17,3.24,2.2,1.66,2.29,1.65,2.32,1.72,2.23,1.66,-0.25,2.01,1.89,2.01,1.88,2.04,1.93,1.99,1.87,2.35,3.1,3.25,2.3,3.1,3.2,2.4,3.05,3.1,2.45,3.12,3.21,2.4,3.1,3.1,2.5,3.2,3,2.52,3.21,3.33,2.4,3.1,3.15,2.3,1.61,2.33,1.65,2.37,1.68,2.27,1.63,-0.25,2.13,1.78,2.09,1.81,2.16,1.84,2.08,1.79
E1,05/07/2020,12:00,Swansea,Sheffield Weds,2,1,H,0,0,D,S Martin,7,10,4,3,12,20,5,8,2,1,0,0,2.2,3.3,3.4,2.15,3.25,3.4,2.25,3.25,3.2,2.33,3.31,3.35,2.3,3.25,3.25,2.2,3.3,3.13,2.35,3.4,3.4,2.25,3.27,3.25,2,1.8,2.04,1.83,2.11,1.85,2.03,1.79,-0.25,1.97,1.93,1.98,1.91,1.98,1.96,1.96,1.9,2.4,3.4,2.9,2.35,3.1,3.1,2.4,3.25,2.95,2.47,3.38,2.94,2.38,3.3,3,2.5,3.3,2.9,2.58,3.48,3.1,2.41,3.28,2.98,2.02,1.83,2.03,1.85,2.12,1.92,2.02,1.79,0,1.83,2.07,1.78,2.13,1.86,2.21,1.77,2.12
E1,05/07/2020,14:00,Middlesbrough,QPR,0,1,A,0,1,A,S Duncan,15,10,4,5,14,14,9,7,3,0,0,0,2.1,3.4,3.6,2.1,3.25,3.5,2.1,3.3,3.5,2.15,3.36,3.61,2.15,3.3,3.5,2.1,3.3,3.4,2.17,3.52,3.64,2.12,3.32,3.49,2,1.8,2.09,1.78,2.13,1.81,2.06,1.76,-0.25,1.86,2.04,1.85,2.04,1.87,2.06,1.84,2.01,2.15,3.3,3.5,2.15,3.2,3.4,2.15,3.3,3.35,2.17,3.43,3.48,2.2,3.25,3.4,2.2,3.3,3.5,2.26,3.44,3.6,2.17,3.31,3.42,2,1.8,2.06,1.82,2.13,1.87,2.02,1.79,-0.25,1.91,1.99,1.88,2.02,1.95,2.02,1.88,1.97
E1,05/07/2020,15:00,West Brom,Hull,4,2,H,2,1,H,O Langford,22,15,10,4,16,16,11,7,1,1,1,0,1.33,5.25,9.5,1.36,4.6,8.25,1.32,5.2,9,1.3,5.58,10.6,1.32,5.25,9.5,1.3,5.25,8.5,1.36,5.65,10.74,1.32,5.21,9.17,1.57,2.37,1.58,2.44,1.64,2.47,1.59,2.35,-1.5,2,1.9,1.93,1.96,2.1,1.96,1.95,1.9,1.36,5,8.5,1.33,5,8.5,1.4,4.8,7.4,1.4,4.96,7.87,1.33,5.25,8.5,1.36,5.25,8.5,1.42,5.5,9.7,1.36,5.01,8.24,1.61,2.3,1.66,2.3,1.69,2.41,1.62,2.29,-1.25,1.92,1.98,1.93,1.97,1.94,2.1,1.86,2
E1,07/07/2020,17:00,Nott'm Forest,Fulham,0,1,A,0,1,A,R Jones,10,9,4,2,16,12,8,6,2,2,0,0,2.8,3,2.7,2.75,3,2.65,2.8,3.05,2.65,2.92,3.06,2.7,2.8,3,2.7,2.88,3.1,2.7,2.96,3.22,2.8,2.83,3.05,2.68,2.3,1.61,2.33,1.65,2.38,1.7,2.27,1.63,0,2.02,1.88,2.03,1.87,2.04,1.93,1.99,1.87,2.8,3,2.7,2.75,2.95,2.75,2.75,3.05,2.7,2.84,3.08,2.75,2.75,3,2.75,2.8,3.1,2.75,2.89,3.22,2.86,2.77,3.04,2.74,2.37,1.57,2.43,1.6,2.51,1.68,2.34,1.59,0,1.98,1.92,1.98,1.92,2.02,1.97,1.94,1.91
E1,07/07/2020,18:00,Brentford,Charlton,2,1,H,0,1,A,J Brooks,21,6,8,2,10,9,7,1,1,1,0,0,1.28,5.5,11,1.3,5.25,9,1.28,5.4,10.5,1.29,5.69,10.92,1.27,5.25,12,1.29,5.5,12,1.31,5.75,12.25,1.28,5.49,10.81,1.66,2.2,1.71,2.21,1.75,2.23,1.7,2.16,-1.5,1.88,2.02,1.88,2.01,1.94,2.05,1.86,1.99,1.28,5.5,11,1.26,5.75,9.5,1.28,5.4,10.5,1.31,5.53,10.32,1.29,5.25,11,1.3,5.5,10,1.33,5.75,11.25,1.29,5.41,10.23,1.72,2.1,1.73,2.18,1.82,2.25,1.7,2.15,-1.5,2.01,1.89,1.99,1.91,2.04,2.04,1.95,1.9
E1,07/07/2020,18:00,Luton,Barnsley,1,1,D,1,0,H,D Whitestone,10,21,5,7,12,14,3,11,4,2,0,0,2.9,3.3,2.45,2.7,3.3,2.5,2.95,3.25,2.4,3.03,3.31,2.45,2.9,3.3,2.4,2.9,3.4,2.45,3.03,3.41,2.55,2.93,3.27,2.45,2,1.8,1.97,1.91,2.04,1.92,1.96,1.85,0.25,1.79,2.11,1.8,2.11,1.82,2.16,1.77,2.1,2.9,3.3,2.45,3,3.3,2.3,3.05,3.25,2.35,3.15,3.35,2.36,3.1,3.2,2.35,3.13,3.3,2.38,3.21,3.41,2.51,3.04,3.27,2.39,2,1.8,2.01,1.87,2.13,1.9,2,1.81,0.25,1.86,2.04,1.86,2.04,1.91,2.1,1.83,2.04
E1,07/07/2020,18:00,Reading,Huddersfield,0,0,D,0,0,D,S Martin,7,11,2,3,14,10,4,2,1,2,0,0,2.62,3.3,2.7,2.6,3.2,2.7,2.7,3.15,2.65,2.73,3.22,2.76,2.7,3.1,2.7,2.7,3.25,2.75,2.8,3.3,2.78,2.7,3.19,2.71,2.1,1.72,2.14,1.76,2.22,1.78,2.12,1.73,0,1.94,1.96,1.94,1.96,2,1.98,1.93,1.92,2.62,3.3,2.7,2.6,3.2,2.7,2.7,3.15,2.65,2.77,3.2,2.73,2.7,3.2,2.62,2.75,3.25,2.7,2.82,3.37,2.76,2.7,3.19,2.69,2.1,1.72,2.16,1.75,2.24,1.77,2.13,1.71,0,1.99,1.91,1.97,1.93,2.01,1.96,1.95,1.91
E1,07/07/2020,19:45,Cardiff,Blackburn,2,3,A,2,1,H,M Donohue,12,14,4,4,14,12,2,5,0,1,0,0,2,3.4,3.9,2.1,3.2,3.6,2.05,3.35,3.65,2.08,3.44,3.75,2.05,3.3,3.7,2.05,3.4,3.8,2.1,3.5,3.9,2.05,3.37,3.71,2.1,1.72,2.12,1.78,2.21,1.79,2.09,1.74,-0.5,2.07,1.83,2.08,1.83,2.12,1.87,2.05,1.81,1.9,3.4,4,2,3.25,3.75,1.93,3.4,3.95,1.96,3.53,4.1,1.95,3.5,3.9,1.95,3.5,4,2.01,3.62,4.23,1.95,3.44,3.96,2,1.8,2.06,1.83,2.15,1.9,2.04,1.78,-0.5,1.97,1.93,1.96,1.94,2.03,1.94,1.96,1.89
E1,08/07/2020,15:00,Millwall,Middlesbrough,0,2,A,0,0,D,T Robinson,10,7,4,3,11,12,8,2,1,3,0,0,2.3,3.25,3.3,2.2,3.1,3.4,2.25,3.15,3.3,2.28,3.22,3.43,2.25,3.2,3.3,2.25,3.25,3.4,2.35,3.28,3.44,2.26,3.18,3.32,2.3,1.61,2.3,1.65,2.34,1.68,2.27,1.63,-0.25,1.95,1.95,1.95,1.93,1.97,1.98,1.93,1.92,2.25,3.2,3.4,2.2,3.1,3.4,2.25,3.1,3.4,2.2,3.25,3.59,2.25,3.1,3.4,2.25,3.2,3.5,2.32,3.26,3.59,2.24,3.15,3.44,2.5,1.53,2.48,1.58,2.53,1.61,2.42,1.56,-0.25,1.91,1.99,1.89,2.01,1.95,2.01,1.91,1.95
E1,08/07/2020,17:00,West Brom,Derby,2,0,H,1,0,H,J Simpson,18,4,7,0,11,14,8,0,0,4,0,1,1.8,3.5,4.75,1.75,3.6,4.5,1.75,3.75,4.45,1.78,3.89,4.55,1.78,3.75,4.33,1.8,3.9,4.4,1.82,4,4.75,1.76,3.78,4.48,1.8,2,1.79,2.08,1.84,2.1,1.79,2.02,-0.75,2.03,1.87,1.99,1.88,2.06,1.91,1.99,1.86,1.65,4,5,1.7,3.9,4.4,1.7,3.8,4.7,1.74,3.89,4.77,1.67,3.9,4.8,1.7,4,4.75,1.79,4.1,5.12,1.7,3.9,4.74,1.9,1.9,1.87,2.01,1.96,2.13,1.8,2.01,-0.75,1.96,1.94,1.97,1.93,1.99,1.98,1.93,1.93
E1,08/07/2020,18:00,Birmingham,Swansea,1,3,A,1,2,A,J Gillett,20,10,5,4,16,6,9,4,2,3,0,0,2.87,3.3,2.5,2.85,3.2,2.45,2.9,3.25,2.45,2.97,3.25,2.53,2.88,3.3,2.45,2.9,3.4,2.45,3,3.46,2.58,2.91,3.26,2.46,2,1.8,2.03,1.83,2.06,1.86,2,1.81,0,2.1,1.8,2.1,1.79,2.13,1.82,2.09,1.78,2.75,3.3,2.6,2.75,3.25,2.5,2.75,3.25,2.55,2.81,3.3,2.63,2.75,3.2,2.6,2.75,3.3,2.63,2.88,3.35,2.73,2.78,3.24,2.59,2,1.8,2,1.88,2.09,1.88,1.99,1.82,0,1.98,1.92,2.02,1.88,2.06,1.96,1.98,1.88
E1,08/07/2020,18:00,Bristol City,Hull,2,1,H,1,0,H,G Ward,9,18,5,4,10,20,3,6,0,3,0,0,2.05,3.5,3.6,2.05,3.4,3.5,2.1,3.45,3.35,2.16,3.59,3.36,2.05,3.5,3.5,2.1,3.6,3.4,2.25,3.6,3.6,2.1,3.5,3.39,1.8,2.05,1.8,2.06,1.86,2.08,1.8,2.01,-0.25,1.87,2.03,1.87,2.01,1.9,2.08,1.84,2.01,2.35,3.5,2.9,2.3,3.4,2.9,2.35,3.4,2.85,2.39,3.5,2.97,2.35,3.4,2.9,2.45,3.4,2.9,2.47,3.54,3.05,2.37,3.43,2.93,1.72,2.1,1.76,2.14,1.82,2.18,1.76,2.07,-0.25,2.06,1.84,2.08,1.83,2.09,1.89,2.05,1.82
E1,08/07/2020,18:00,Wigan,QPR,1,0,H,1,0,H,G Eltringham,16,6,6,2,12,9,9,2,1,0,0,0,2.1,3.3,3.6,2.1,3.25,3.5,2.1,3.35,3.4,2.14,3.48,3.5,2.1,3.4,3.4,2.15,3.4,3.5,2.2,3.48,3.62,2.12,3.37,3.45,2.05,1.8,2.04,1.82,2.11,1.85,2.03,1.79,-0.25,1.87,2.03,1.85,2.03,1.9,2.08,1.84,2.01,2.15,3.4,3.4,2.1,3.25,3.5,2.15,3.3,3.45,2.17,3.4,3.51,2.15,3.25,3.5,2.1,3.4,3.6,2.25,3.45,3.6,2.15,3.34,3.44,2.1,1.72,2.09,1.79,2.22,1.82,2.07,1.75,-0.25,1.84,2.06,1.87,2.03,1.92,2.12,1.85,2.01
E1,08/07/2020,19:45,Sheffield Weds,Preston,1,3,A,0,0,D,T Harrington,13,14,2,5,15,13,7,2,2,0,0,0,2.4,3.2,3.1,2.4,3.1,3,2.4,3.15,3.05,2.47,3.12,3.19,2.38,3.2,3.1,2.4,3.25,3.1,2.5,3.3,3.28,2.42,3.17,3.05,2.2,1.66,2.29,1.65,2.32,1.76,2.2,1.68,-0.25,2.08,1.82,2.08,1.8,2.11,1.85,2.07,1.79,2.4,3.1,3.2,2.4,3.1,3,2.4,3.1,3.15,2.39,3.16,3.28,2.38,3.1,3.2,2.4,3.2,3.2,2.47,3.25,3.28,2.41,3.12,3.13,2.3,1.61,2.33,1.65,2.43,1.7,2.3,1.62,-0.25,2.07,1.83,2.04,1.85,2.12,1.86,2.05,1.81
E1,09/07/2020,17:00,Leeds,Stoke,5,0,H,1,0,H,D Bond,19,5,11,0,8,8,7,3,2,2,0,0,1.44,4.2,7.5,1.5,4,6.5,1.47,4.2,6.9,1.48,4.34,7.39,1.47,4.2,7,1.45,4.2,7,1.5,4.4,7.5,1.48,4.22,6.97,2,1.8,1.98,1.88,2.04,1.9,1.97,1.83,-1,1.83,2.07,1.83,2.05,1.87,2.12,1.82,2.03,1.36,4.75,8.5,1.36,4.75,8.25,1.41,4.5,7.6,1.42,4.73,7.89,1.4,4.6,8,1.44,4.6,7.5,1.45,4.92,8.8,1.4,4.62,7.89,1.9,1.9,1.89,1.99,1.96,2.05,1.87,1.93,-1.25,2.06,1.84,2.07,1.83,2.09,1.92,2.02,1.84
E1,10/07/2020,18:00,Huddersfield,Luton,0,2,A,0,0,D,G Eltringham,11,6,2,2,19,11,6,2,2,1,0,0,1.8,3.6,4.6,1.83,3.5,4.2,1.77,3.45,4.65,1.81,3.6,4.79,1.78,3.5,4.8,1.75,3.6,5,1.86,3.65,5,1.79,3.52,4.69,2.2,1.66,2.23,1.7,2.28,1.76,2.18,1.69,-0.75,2.05,1.85,2.08,1.82,2.12,1.89,2.05,1.82,1.7,3.75,5.25,1.75,3.6,4.6,1.7,3.6,4.95,1.75,3.78,4.87,1.7,3.6,5.25,1.73,3.7,5,1.82,3.8,5.32,1.73,3.64,4.95,2.1,1.72,2.22,1.71,2.24,1.78,2.15,1.7,-0.75,2,1.9,2,1.89,2.08,1.92,1.98,1.88
E1,10/07/2020,20:15,Fulham,Cardiff,2,0,H,1,0,H,G Ward,14,13,7,1,18,13,3,3,3,1,0,0,2,3.4,3.9,1.95,3.3,4,2,3.25,3.85,2.06,3.28,4.03,2,3.3,3.9,2.05,3.4,3.8,2.09,3.44,4.2,2.01,3.31,3.91,2.1,1.72,2.18,1.73,2.25,1.78,2.13,1.72,-0.5,2.06,1.84,2.06,1.84,2.08,1.87,2.02,1.83,1.9,3.3,4.33,1.95,3.3,4,1.97,3.3,4,2.05,3.27,4.08,2,3.25,4,2,3.4,4,2.08,3.45,4.45,1.98,3.31,4.04,2.1,1.72,2.21,1.71,2.35,1.77,2.15,1.7,-0.5,2.08,1.82,2.05,1.85,2.08,1.92,2.01,1.84
E1,11/07/2020,12:30,Charlton,Reading,0,1,A,0,1,A,D Bond,15,4,2,2,18,22,8,1,4,3,0,0,2.62,3.3,2.7,2.65,3.1,2.7,2.65,3.1,2.75,2.69,3.17,2.83,2.62,3.2,2.75,2.63,3.25,2.8,2.78,3.3,2.83,2.65,3.16,2.75,2.2,1.66,2.31,1.64,2.34,1.73,2.22,1.67,0,1.91,1.99,1.9,2,1.94,2.03,1.89,1.96,2.45,3.2,3,2.45,3.1,2.95,2.4,3.1,3.05,2.48,3.14,3.14,2.4,3.1,3.1,2.5,3.1,3.13,2.63,3.27,3.3,2.45,3.11,3.05,2.3,1.61,2.33,1.65,2.38,1.69,2.27,1.63,0,1.67,2.15,1.74,2.2,1.86,2.28,1.73,2.16
E1,11/07/2020,12:30,Derby,Brentford,1,3,A,1,1,D,T Robinson,9,17,3,6,9,9,6,3,0,1,0,0,4.2,3.8,1.8,4.33,3.6,1.78,4.15,3.6,1.83,4.27,3.77,1.85,4.2,3.6,1.83,4.33,3.75,1.83,4.5,3.8,1.9,4.22,3.64,1.83,1.9,1.9,1.9,1.98,1.95,1.98,1.88,1.92,0.5,2.06,1.84,2.05,1.85,2.09,1.88,2.01,1.84,5,4,1.65,4.75,3.9,1.65,5.2,4,1.6,5.05,4.28,1.64,5.5,4,1.6,5.25,4.1,1.65,5.5,4.3,1.7,5.02,4.05,1.64,1.8,2,1.79,2.1,1.9,2.1,1.8,2,0.75,2.1,1.8,2.08,1.82,2.14,1.9,2.04,1.82
E1,11/07/2020,15:00,Barnsley,Wigan,0,0,D,0,0,D,D Robinson,13,6,5,0,13,15,5,3,2,3,0,1,2.5,3.4,2.8,2.45,3.3,2.8,2.45,3.35,2.75,,,,2.5,3.4,2.8,2.55,3.4,2.8,2.65,3.5,2.89,2.48,3.38,2.79,1.8,2,,,1.87,2.05,1.81,1.99,0,1.85,2.05,,,1.85,2.11,1.81,2.04,2.75,3.4,2.55,2.75,3.2,2.55,2.9,3.15,2.5,2.94,3.21,2.57,2.88,3.2,2.5,2.9,3.3,2.5,3.03,3.46,2.7,2.86,3.21,2.53,2.2,1.66,2.2,1.72,2.35,1.8,2.15,1.7,0,2.09,1.81,2.08,1.82,2.13,1.92,2.06,1.81
E1,11/07/2020,15:00,Blackburn,West Brom,1,1,D,0,1,A,J Gillett,7,18,4,8,14,12,3,7,2,2,0,0,4.75,3.5,1.8,5,3.4,1.75,4.75,3.5,1.77,5.11,3.51,1.79,5,3.5,1.75,4.75,3.6,1.8,5.25,3.62,1.83,4.8,3.5,1.78,2,1.8,2.06,1.81,2.19,1.82,2.06,1.77,0.75,1.86,2.04,1.86,2.02,1.88,2.07,1.83,2.03,4.5,3.9,1.72,4.75,3.6,1.72,4.35,3.7,1.77,4.4,3.77,1.83,4.6,3.6,1.78,4.6,3.8,1.75,4.85,3.9,1.84,4.55,3.71,1.76,1.8,2,1.88,2,1.98,2.09,1.85,1.96,0.75,1.86,2.04,1.83,2.07,1.92,2.08,1.85,2.01
E1,11/07/2020,15:00,Hull,Millwall,0,1,A,0,1,A,M Donohue,12,10,5,2,20,9,2,4,2,0,0,0,3,3.4,2.37,3.1,3.2,2.3,3.1,3.25,2.3,3.17,3.31,2.37,3.1,3.25,2.35,3,3.4,2.38,3.24,3.4,2.46,3.08,3.27,2.34,2.1,1.72,2.1,1.77,2.19,1.79,2.09,1.75,0.25,1.85,2.05,1.85,2.03,1.87,2.09,1.84,2.02,3,3.4,2.35,3.1,3.2,2.3,2.9,3.25,2.45,2.86,3.38,2.54,3,3.2,2.4,2.9,3.4,2.45,3.1,3.47,2.69,2.96,3.3,2.42,2,1.8,2.06,1.82,2.16,1.87,2.05,1.77,0.25,1.67,2.15,1.74,2.19,1.83,2.22,1.76,2.11
E1,11/07/2020,15:00,Middlesbrough,Bristol City,1,3,A,0,2,A,D England,14,12,4,6,11,9,9,7,1,0,0,0,2.05,3.5,3.6,2,3.3,3.7,2,3.35,3.8,2.02,3.46,3.95,2.05,3.3,3.75,2.05,3.4,3.8,2.11,3.5,4,2.03,3.37,3.76,2.1,1.72,2.14,1.75,2.22,1.77,2.13,1.72,-0.5,2.02,1.88,2.01,1.88,2.12,1.89,2.02,1.83,1.85,3.4,4.5,1.87,3.4,4.1,1.87,3.35,4.3,1.93,3.39,4.43,1.88,3.4,4.2,1.9,3.5,4.33,1.97,3.5,4.61,1.9,3.39,4.29,2.1,1.72,2.18,1.73,2.25,1.76,2.14,1.71,-0.5,1.94,1.96,1.93,1.97,1.99,2,1.91,1.93
E1,11/07/2020,15:00,Preston,Nott'm Forest,1,1,D,1,1,D,J Simpson,15,8,2,1,18,6,11,2,2,0,0,0,2.55,3.25,2.8,2.5,3.1,2.85,2.55,3.15,2.85,2.55,3.2,2.98,2.55,3.1,2.88,2.55,3.25,2.9,2.64,3.29,2.98,2.54,3.16,2.87,2.2,1.66,2.31,1.64,2.34,1.74,2.22,1.67,0,1.82,2.08,1.79,2.1,1.88,2.12,1.82,2.04,2.25,3.2,3.5,2.35,3.1,3.1,2.25,3,3.45,2.27,3.12,3.58,2.3,3,3.4,2.3,3.1,3.5,2.5,3.24,3.65,2.29,3.06,3.42,2.5,1.53,2.54,1.55,2.61,1.61,2.47,1.53,-0.25,1.93,1.97,1.94,1.96,2.12,2,1.95,1.91
E1,11/07/2020,15:00,QPR,Sheffield Weds,0,3,A,0,2,A,O Langford,7,14,1,6,12,12,7,4,1,2,0,0,2.9,3.25,2.5,2.85,3.3,2.4,2.85,3.25,2.45,2.93,3.35,2.5,2.75,3.25,2.55,2.88,3.4,2.5,2.95,3.4,2.62,2.84,3.28,2.5,1.9,1.9,1.97,1.9,2.02,1.91,1.94,1.86,0,2.08,1.82,2.1,1.79,2.13,1.89,2.04,1.82,3.1,3.6,2.2,3,3.4,2.25,3.15,3.4,2.25,3.2,3.48,2.27,3.2,3.4,2.2,3.25,3.5,2.2,3.25,3.68,2.35,3.13,3.43,2.25,1.9,1.9,1.89,1.99,1.99,2,1.88,1.92,0.25,1.95,1.95,1.93,1.97,1.98,2.02,1.91,1.95
E1,12/07/2020,13:30,Stoke,Birmingham,2,0,H,2,0,H,S Duncan,15,7,5,1,12,11,8,7,1,4,0,0,2,3.25,4.1,1.95,3.25,4,1.97,3.25,4.05,1.99,3.27,4.36,1.95,3.25,4.2,1.95,3.3,3.9,2.05,3.42,4.4,1.98,3.26,4.08,2.2,1.66,2.25,1.68,2.28,1.74,2.19,1.67,-0.5,2.01,1.89,1.98,1.9,2.03,1.91,1.98,1.87,2.1,3.25,3.7,1.95,3.25,4,2.15,3.15,3.55,2.18,3.22,3.69,2.1,3.2,3.7,2.2,3.25,3.5,2.25,3.31,3.92,2.14,3.19,3.62,2.2,1.66,2.3,1.66,2.35,1.7,2.25,1.64,-0.25,1.86,2.04,1.87,2.03,1.92,2.13,1.84,2.02
E1,12/07/2020,13:30,Swansea,Leeds,0,1,A,0,0,D,K Stroud,6,12,3,4,12,19,6,7,2,3,0,0,4.6,4,1.7,4.75,3.7,1.7,4.7,3.75,1.7,4.67,3.97,1.74,4.8,3.8,1.7,4.8,3.8,1.67,5,4,1.8,4.71,3.81,1.72,1.9,1.9,1.88,1.99,1.95,2,1.88,1.93,0.75,1.96,1.94,1.93,1.96,1.99,1.97,1.92,1.93,5.5,4.2,1.57,4.75,3.8,1.67,5.3,4.1,1.57,5.53,4.32,1.59,5.5,4.2,1.57,5.5,4.2,1.6,5.6,4.36,1.66,5.34,4.14,1.6,1.72,2.1,1.75,2.16,1.83,2.17,1.75,2.07,0.75,2.07,1.72,2.17,1.75,2.2,1.81,2.11,1.76
E1,14/07/2020,17:00,West Brom,Fulham,0,0,D,0,0,D,G Eltringham,12,6,3,2,12,12,8,7,3,0,0,0,2,3.4,3.9,2,3.3,3.7,2,3.3,3.8,2.04,3.4,3.93,2.05,3.3,3.8,2.05,3.4,3.75,2.15,3.45,3.95,2.04,3.33,3.77,2,1.8,2.1,1.79,2.15,1.83,2.06,1.77,-0.5,2.06,1.84,2.04,1.86,2.1,1.86,2.05,1.81,1.95,3.6,3.8,2,3.3,3.7,1.97,3.4,3.85,2,3.49,3.99,2,3.5,3.8,2.05,3.5,3.7,2.06,3.68,4,2,3.42,3.8,2.1,1.72,2.07,1.81,2.24,1.85,2.04,1.78,-0.5,2.03,1.87,2,1.9,2.08,1.92,2.02,1.84
E1,14/07/2020,18:00,Reading,Middlesbrough,1,2,A,1,1,D,A Woolmer,10,13,1,6,11,17,5,5,2,0,0,0,3,3.3,2.4,2.9,3.25,2.4,3.1,3.2,2.35,3.21,3.24,2.38,3.1,3.2,2.35,3.1,3.3,2.38,3.25,3.31,2.45,3.1,3.21,2.38,2.1,1.72,2.14,1.76,2.15,1.8,2.09,1.75,0.25,1.85,2.05,1.86,2.04,1.88,2.09,1.82,2.03,3.2,3.3,2.3,3.2,3.2,2.25,3.3,3.25,2.2,3.36,3.29,2.28,3.3,3.2,2.25,3.3,3.3,2.3,3.5,3.36,2.35,3.29,3.24,2.26,2.1,1.72,2.15,1.75,2.24,1.78,2.09,1.74,0.25,1.94,1.96,1.93,1.97,2,2.01,1.91,1.94
E1,14/07/2020,18:00,Wigan,Hull,8,0,H,7,0,H,T Harrington,14,10,9,4,11,16,4,3,0,2,0,0,1.8,3.7,4.5,1.8,3.6,4.25,1.8,3.6,4.35,1.82,3.73,4.49,1.8,3.6,4.4,1.83,3.6,4.5,1.85,3.75,4.75,1.8,3.63,4.45,1.9,1.9,2,1.88,2.01,1.93,1.95,1.86,-0.75,2.02,1.77,2.09,1.81,2.09,1.84,2.05,1.8,1.75,3.8,4.6,1.75,3.6,4.5,1.77,3.75,4.35,1.79,3.85,4.53,1.75,3.7,4.5,1.8,3.8,4.4,1.84,3.9,4.69,1.77,3.75,4.43,1.8,2,1.83,2.06,1.9,2.1,1.79,2.01,-0.75,2.05,1.85,2.04,1.86,2.07,1.9,2.03,1.83
E1,14/07/2020,19:45,Cardiff,Derby,2,1,H,1,1,D,D Bond,14,8,8,2,8,9,3,2,1,0,0,0,2.3,3.4,3.1,2.2,3.25,3.2,2.3,3.25,3.1,2.35,3.31,3.21,2.3,3.3,3.1,2.3,3.4,3.1,2.4,3.42,3.32,2.31,3.3,3.13,2.1,1.72,2.07,1.81,2.15,1.84,2.05,1.77,-0.25,2.03,1.87,2.02,1.88,2.05,1.89,2,1.85,2.3,3.4,3.1,2.2,3.25,3.2,2.25,3.25,3.2,2.3,3.3,3.31,2.3,3.2,3.2,2.3,3.4,3.2,2.38,3.47,3.37,2.29,3.28,3.19,2,1.8,2.09,1.79,2.24,1.82,2.06,1.76,-0.25,2,1.9,1.98,1.92,2.03,1.95,1.98,1.88
E1,14/07/2020,19:45,Luton,QPR,1,1,D,1,0,H,S Martin,11,11,3,5,9,15,6,4,1,0,0,0,2.37,3.5,2.9,2.35,3.4,2.85,2.3,3.4,2.95,2.34,3.56,3.03,2.3,3.4,3,2.38,3.5,3,2.41,3.6,3.15,2.34,3.44,2.98,1.9,1.9,1.9,1.98,1.92,2.09,1.85,1.96,-0.25,2.05,1.85,2.03,1.86,2.09,1.89,2.02,1.83,2.2,3.5,3.2,2.1,3.5,3.25,2.15,3.45,3.25,2.14,3.66,3.35,2.15,3.5,3.2,2.15,3.5,3.4,2.28,3.66,3.4,2.16,3.48,3.26,1.9,1.9,1.88,2,1.99,2.03,1.86,1.94,-0.25,1.88,2.02,1.87,2.03,1.93,2.09,1.87,1.99
E1,14/07/2020,19:45,Millwall,Blackburn,1,0,H,1,0,H,J Brooks,11,10,4,2,13,9,7,4,2,2,0,0,2.2,3.3,3.4,2.15,3.1,3.5,2.25,3.15,3.3,2.31,3.25,3.35,2.25,3.2,3.3,2.3,3.3,3.25,2.39,3.31,3.5,2.26,3.21,3.32,2.2,1.66,2.22,1.7,2.29,1.72,2.22,1.67,-0.25,2,1.9,1.98,1.92,2.01,1.95,1.95,1.9,2.37,3.3,3.1,2.25,3.1,3.25,2.3,3.2,3.15,2.36,3.34,3.16,2.3,3.2,3.2,2.38,3.25,3.2,2.41,3.35,3.4,2.32,3.22,3.18,2.2,1.66,2.22,1.71,2.35,1.72,2.2,1.67,-0.25,2.02,1.88,2.03,1.86,2.04,1.94,1.99,1.86
E1,14/07/2020,19:45,Sheffield Weds,Huddersfield,0,0,D,0,0,D,D Whitestone,13,12,4,1,13,16,6,5,1,1,0,0,2.55,3.2,2.9,2.5,3.2,2.8,2.55,3.15,2.8,2.59,3.26,2.88,2.55,3.1,2.88,2.55,3.25,2.9,2.68,3.29,2.94,2.56,3.19,2.85,2.2,1.66,2.28,1.68,2.3,1.72,2.22,1.66,0,1.85,2.05,1.85,2.05,1.88,2.1,1.82,2.03,2.75,3.2,2.7,2.65,3.1,2.7,2.75,3.05,2.65,2.79,3.19,2.72,2.75,3.1,2.7,2.8,3.13,2.7,2.86,3.26,2.76,2.75,3.12,2.69,2.5,1.53,2.41,1.61,2.5,1.64,2.37,1.58,0,1.99,1.91,1.97,1.93,2,1.98,1.95,1.9
E1,15/07/2020,17:00,Brentford,Preston,1,0,H,1,0,H,D England,14,8,3,4,15,11,4,6,2,1,0,0,1.45,4.5,7,1.5,4.25,6,1.45,4.35,6.9,1.44,4.57,7.78,1.44,4.33,7.5,1.45,4.6,7,1.5,4.7,8.1,1.45,4.42,7.1,1.8,2,1.77,2.1,1.87,2.12,1.79,2.02,-1.25,2.08,1.82,2.07,1.81,2.17,1.88,2.06,1.8,1.36,5,8,1.36,5,7.25,1.37,4.7,8.5,1.36,5.1,8.91,1.33,4.8,9.5,1.36,5,9,1.4,5.5,9.8,1.36,4.94,8.47,1.72,2.1,1.74,2.17,1.82,2.19,1.72,2.11,-1.25,1.86,2.04,1.86,2.03,1.9,2.06,1.84,2.02
E1,15/07/2020,17:00,Bristol City,Stoke,1,1,D,1,0,H,J Linington,8,10,1,3,10,9,4,2,1,0,0,0,2.8,3.2,2.6,2.8,3.1,2.55,2.9,3.1,2.55,2.91,3.08,2.57,2.8,3.2,2.55,2.9,3.2,2.55,3.1,3.26,2.68,2.89,3.12,2.55,2.3,1.61,2.29,1.58,2.38,1.69,2.27,1.63,0,2.09,1.81,2.02,1.78,2.13,1.84,2.05,1.79,2.75,3.2,2.65,2.7,3.1,2.65,2.75,2.95,2.65,2.79,3.09,2.66,2.7,3.2,2.62,2.75,3.2,2.7,2.85,3.3,2.76,2.76,3.11,2.67,2.3,1.61,2.23,1.66,2.38,1.73,2.26,1.63,0,1.98,1.92,1.97,1.88,2.05,1.98,1.94,1.9
E1,15/07/2020,18:00,Birmingham,Charlton,1,1,D,0,0,D,D Webb,23,7,7,3,16,10,5,1,3,1,0,0,2.3,3.25,3.25,2.2,3.25,3.3,2.3,3.2,3.15,2.37,3.27,3.2,2.3,3.3,3.1,2.3,3.3,3.25,2.45,3.4,3.3,2.32,3.24,3.14,2.1,1.72,2.14,1.74,2.19,1.79,2.1,1.74,-0.25,2.01,1.89,2.03,1.85,2.05,1.92,2,1.86,2.4,3.2,3.1,2.35,3.1,3.1,2.45,3,3.05,2.48,3.15,3.14,2.4,3.2,3,2.5,3.25,3,2.54,3.34,3.25,2.42,3.14,3.07,2.2,1.66,2.25,1.69,2.35,1.74,2.19,1.67,-0.25,2.14,1.77,2.11,1.79,2.19,1.82,2.09,1.78
E1,15/07/2020,18:00,Nott'm Forest,Swansea,2,2,D,1,2,A,O Langford,8,6,2,2,15,10,5,3,4,2,0,1,2.45,3.3,2.9,2.35,3.3,2.9,2.4,3.2,3,2.48,3.18,3.1,2.4,3.2,3,2.45,3.3,3,2.55,3.35,3.15,2.43,3.21,2.98,2.1,1.72,2.19,1.71,2.21,1.76,2.14,1.71,-0.25,2.11,1.79,2.11,1.78,2.14,1.82,2.1,1.77,2.5,3.2,2.9,2.4,3.2,2.9,2.5,3,2.9,2.54,3.21,2.99,2.5,3.2,2.9,2.5,3.25,3,2.57,3.27,3.13,2.48,3.16,2.96,2.2,1.66,2.22,1.71,2.35,1.73,2.2,1.67,0,1.79,2.11,1.79,2.11,1.81,2.19,1.76,2.12
E1,16/07/2020,17:00,Leeds,Barnsley,1,0,H,1,0,H,J Gillett,7,12,3,3,9,15,7,7,1,1,0,0,1.28,5.5,10,1.33,5,8.75,1.3,5.3,10,1.28,5.61,11.92,1.29,5.25,11,1.29,5.25,10,1.33,5.7,12.08,1.29,5.38,10.11,1.66,2.2,1.64,2.32,1.69,2.35,1.65,2.23,-1.5,1.94,1.96,1.88,2,1.99,2.01,1.9,1.94,1.33,5.5,9,1.28,5.5,9.5,1.33,5,9,1.32,5.45,9.92,1.3,5.25,10,1.3,5.5,10.5,1.36,5.85,11,1.31,5.36,9.6,1.61,2.3,1.65,2.32,1.68,2.37,1.63,2.27,-1.5,1.95,1.95,1.96,1.94,2,1.96,1.92,1.93
E1,17/07/2020,17:30,Huddersfield,West Brom,2,1,H,1,1,D,J Brooks,7,13,4,4,19,17,2,7,4,6,0,0,5,4,1.66,4.75,3.7,1.7,5.5,3.55,1.67,5.43,3.84,1.68,5.5,3.8,1.63,5.5,3.8,1.67,5.6,4,1.74,5.3,3.74,1.67,2.1,1.72,2.15,1.75,2.16,1.86,2.09,1.74,0.75,2.01,1.89,2.01,1.89,2.03,1.99,1.97,1.87,5.25,3.8,1.66,5,3.7,1.67,5,3.5,1.65,5.74,3.76,1.66,5.5,3.8,1.63,6,3.8,1.62,6,3.99,1.7,5.5,3.7,1.66,2.1,1.72,2.18,1.74,2.24,1.76,2.1,1.73,0.75,2.05,1.85,2.03,1.87,2.09,1.89,2.01,1.84
E1,18/07/2020,12:30,Charlton,Wigan,2,2,D,1,2,A,G Ward,15,16,4,6,13,19,8,0,1,3,0,0,4,3.4,1.95,3.5,3.4,2.05,3.75,3.2,2,3.97,3.4,2.03,3.9,3.3,2,3.9,3.4,2,4,3.55,2.13,3.79,3.37,2.01,2,1.8,2.1,1.77,2.15,1.82,2.06,1.76,0.5,1.87,2.03,1.87,2.03,1.88,2.14,1.82,2.02,3.4,3.4,2.15,3.5,3.4,2.05,3.4,3.1,2.2,3.42,3.4,2.21,3.3,3.3,2.2,3.4,3.3,2.25,3.55,3.47,2.26,3.39,3.3,2.18,2.1,1.72,2.14,1.76,2.24,1.76,2.14,1.71,0.25,1.99,1.91,1.99,1.91,2.02,1.94,1.96,1.89
E1,18/07/2020,12:30,Stoke,Brentford,1,0,H,1,0,H,G Eltringham,6,14,2,3,14,6,0,4,2,0,0,0,5,4,1.66,4.4,4.1,1.67,4.9,3.7,1.67,4.95,4.18,1.67,5,3.9,1.65,5.25,4,1.65,5.25,4.22,1.74,4.89,3.95,1.67,1.9,1.9,1.91,1.97,1.98,1.98,1.89,1.91,0.75,2.02,1.88,2.01,1.88,2.04,1.9,1.99,1.86,6,4.2,1.55,5.5,4,1.57,6,3.95,1.55,6.13,4.22,1.56,6.5,4,1.52,6,4.2,1.55,6.5,4.28,1.58,5.94,4.09,1.55,1.8,2,1.88,2,1.99,2.01,1.85,1.94,1,1.93,1.97,1.93,1.97,1.95,2.04,1.88,1.96
E1,18/07/2020,15:00,Blackburn,Reading,4,3,H,2,1,H,T Robinson,17,13,5,3,15,13,5,4,1,0,0,0,2.05,3.4,3.6,2.15,3.2,3.4,2.1,3.15,3.55,2.12,3.37,3.68,2.1,3.25,3.6,2.1,3.4,3.6,2.21,3.45,3.75,2.12,3.33,3.53,2,1.8,2.03,1.83,2.14,1.88,2.04,1.79,-0.25,1.84,2.06,1.81,2.07,1.89,2.12,1.83,2.03,2.1,3.5,3.4,2.1,3.3,3.4,2.15,3.25,3.35,2.19,3.44,3.41,2.15,3.4,3.3,2.15,3.5,3.4,2.27,3.59,3.55,2.15,3.4,3.37,1.9,1.9,1.88,2,2,2.04,1.87,1.93,-0.25,1.89,2.01,1.9,2,1.95,2.04,1.87,1.98
E1,18/07/2020,15:00,Fulham,Sheffield Weds,5,3,H,3,0,H,D England,12,14,8,6,12,14,4,8,1,0,1,0,1.9,3.4,4.33,1.87,3.4,4.2,1.95,3.25,4.1,1.95,3.36,4.41,1.88,3.4,4.2,1.95,3.5,4.1,2,3.62,4.72,1.91,3.39,4.21,2,1.8,2.07,1.79,2.12,1.83,2.04,1.78,-0.5,1.95,1.95,1.94,1.94,1.97,2.03,1.92,1.92,1.95,3.4,4,2,3.25,3.8,2,3.2,3.85,2.02,3.47,3.91,2,3.4,3.75,2,3.4,3.9,2.11,3.52,4.14,1.99,3.37,3.87,2.1,1.72,2.15,1.75,2.24,1.78,2.12,1.72,-0.5,2.05,1.85,2.02,1.88,2.12,1.9,2.01,1.84
E1,18/07/2020,15:00,Hull,Luton,0,1,A,0,0,D,R Jones,8,16,2,4,25,11,3,6,1,2,0,0,2.5,3.6,2.62,2.6,3.5,2.5,2.55,3.25,2.6,2.6,3.56,2.68,2.55,3.5,2.6,2.6,3.5,2.7,2.7,3.6,2.7,2.58,3.48,2.62,1.8,2,1.83,2.04,1.88,2.06,1.82,1.99,0,1.92,1.98,1.91,1.97,1.95,2,1.91,1.94,2.5,3.5,2.7,2.5,3.5,2.6,2.55,3.3,2.65,2.64,3.49,2.67,2.55,3.5,2.62,2.6,3.6,2.63,2.73,3.6,2.85,2.55,3.45,2.66,1.8,2,1.81,2.08,1.85,2.16,1.77,2.04,0,1.94,1.96,1.94,1.96,1.96,2.09,1.89,1.96
E1,18/07/2020,15:00,Middlesbrough,Cardiff,1,3,A,0,1,A,J Simpson,12,13,5,4,13,11,8,5,2,2,1,0,2.8,3.2,2.62,2.65,3,2.75,2.7,3,2.65,2.85,3.17,2.68,2.75,3.2,2.62,2.75,3.25,2.7,2.92,3.25,2.8,2.76,3.13,2.65,2.2,1.66,2.22,1.69,2.31,1.71,2.22,1.66,0,1.98,1.92,2,1.88,2.02,1.96,1.95,1.9,3.2,3.2,2.37,3.2,3.1,2.3,3.15,3,2.35,3.29,3.22,2.35,3.2,3.1,2.35,3.2,3.25,2.38,3.36,3.29,2.42,3.18,3.15,2.34,2.3,1.61,2.28,1.68,2.31,1.7,2.23,1.65,0.25,1.84,2.06,1.88,2.01,1.88,2.07,1.84,2.02
E1,18/07/2020,15:00,Preston,Birmingham,2,0,H,1,0,H,S Martin,14,12,7,2,11,10,5,7,2,2,0,0,1.95,3.4,4,1.95,3.4,3.8,2,3.2,3.85,2.04,3.3,4.08,1.95,3.4,3.9,2,3.5,3.8,2.09,3.58,4.08,2,3.36,3.86,2,1.8,2.06,1.81,2.08,1.87,2,1.81,-0.5,2.02,1.88,2.03,1.85,2.06,1.92,2.01,1.84,2,3.4,3.8,1.95,3.4,3.8,2.1,3.2,3.6,2.16,3.39,3.54,2.05,3.4,3.6,2.1,3.4,3.6,2.2,3.45,4,2.07,3.34,3.67,2,1.8,2.08,1.81,2.16,1.83,2.05,1.77,-0.25,1.86,2.04,1.87,2.03,1.87,2.14,1.8,2.06
E1,18/07/2020,15:00,QPR,Millwall,4,3,H,1,0,H,J Linington,22,14,11,7,11,9,7,9,0,1,0,0,3.6,3.6,2.05,3.4,3.3,2.1,3.55,3.3,2.05,3.73,3.46,2.08,3.6,3.5,2,3.6,3.6,2.05,3.76,3.6,2.12,3.56,3.44,2.06,1.9,1.9,1.95,1.91,1.98,1.99,1.91,1.9,0.25,2.05,1.75,2.11,1.78,2.13,1.83,2.07,1.79,4.75,3.75,1.72,4.33,3.6,1.78,4.8,3.5,1.73,4.92,3.72,1.76,4.75,3.6,1.75,4.8,3.75,1.75,5,3.8,1.8,4.78,3.65,1.74,2,1.8,2.01,1.88,2.08,1.88,1.99,1.81,0.75,1.88,2.02,1.9,2,1.95,2.06,1.87,1.98
E1,18/07/2020,15:00,Swansea,Bristol City,1,0,H,1,0,H,D Bond,17,14,7,1,8,11,2,8,0,0,0,0,1.9,3.7,3.9,1.95,3.6,3.6,1.9,3.4,4,1.91,3.68,4.13,1.88,3.6,4,1.9,3.6,4.2,2,3.7,4.2,1.92,3.56,3.94,1.9,1.9,2,1.87,2.01,1.99,1.93,1.88,-0.5,1.92,1.98,1.9,1.98,2,2.03,1.93,1.92,1.85,3.6,4.2,1.8,3.6,4.2,1.9,3.4,4.1,1.91,3.6,4.22,1.88,3.4,4.2,1.9,3.6,4.2,1.96,3.82,4.3,1.87,3.54,4.12,1.9,1.9,1.88,2,1.93,2.03,1.86,1.94,-0.5,1.89,2.01,1.91,1.99,1.95,2.03,1.88,1.96
E1,19/07/2020,14:00,Derby,Leeds,1,3,A,0,0,D,O Langford,10,23,2,8,8,10,4,5,1,0,0,0,4.5,3.8,1.75,4.33,3.8,1.75,4.3,3.55,1.8,4.32,3.91,1.81,4.2,3.8,1.78,4.33,3.75,1.75,4.75,4,1.84,4.33,3.78,1.78,1.8,2,1.88,1.98,1.9,2.09,1.83,1.97,0.75,1.85,2.05,1.83,2.05,1.9,2.08,1.83,2.03,2.87,3.4,2.4,2.7,3.3,2.5,2.8,3.25,2.4,2.91,3.53,2.42,2.75,3.5,2.45,2.75,3.4,2.45,3,3.66,2.59,2.82,3.41,2.43,1.72,2.1,1.78,2.12,1.82,2.14,1.76,2.05,0.25,1.81,2.09,1.81,2.1,1.84,2.2,1.77,2.11
E1,19/07/2020,15:00,Barnsley,Nott'm Forest,1,0,H,0,0,D,S Duncan,20,10,6,2,9,11,9,1,0,1,0,0,2.62,3.4,2.62,2.7,3.3,2.55,2.65,3.15,2.65,2.66,3.32,2.76,2.6,3.25,2.7,2.6,3.4,2.6,2.84,3.48,2.79,2.64,3.31,2.65,1.9,1.9,1.97,1.89,2.02,1.96,1.93,1.87,0,1.95,1.95,1.9,1.98,2.05,1.99,1.92,1.93,2.55,3.25,2.8,2.65,3.2,2.6,2.55,3.05,2.8,2.57,3.29,2.88,2.55,3.2,2.8,2.63,3.25,2.8,2.75,3.4,2.93,2.59,3.22,2.77,2.2,1.66,2.2,1.72,2.32,1.81,2.16,1.69,0,1.87,2.03,1.84,2.06,1.96,2.08,1.86,1.99
E1,22/07/2020,19:30,Birmingham,Derby,1,3,A,0,1,A,T Robinson,13,7,4,5,14,5,4,4,0,0,0,0,2.7,3.2,2.62,2.7,3.1,2.65,2.65,3.15,2.6,2.75,3.23,2.73,2.7,3.25,2.6,2.6,3.3,2.6,2.83,3.42,2.76,2.7,3.23,2.64,1.9,1.95,1.91,1.95,1.98,2,1.88,1.91,0,1.97,1.93,1.95,1.93,2.01,1.96,1.94,1.9,2.2,3.5,3.2,2.25,3.3,3.1,2.2,3.3,3.2,2.2,3.57,3.29,2.2,3.4,3.2,2.2,3.5,3.3,2.29,3.57,3.4,2.2,3.44,3.22,1.8,2,1.75,2.16,1.9,2.16,1.77,2.05,-0.25,1.91,1.99,1.92,1.99,1.95,2.03,1.9,1.96
E1,22/07/2020,19:30,Brentford,Barnsley,1,2,A,0,1,A,R Jones,12,11,3,3,11,17,3,3,3,3,0,0,1.36,5,8,1.33,5,8.25,1.4,4.6,8,1.38,4.92,8.86,1.36,4.8,8.5,1.36,4.8,8,1.42,5.25,9.47,1.36,4.86,8.29,1.66,2.2,1.66,2.28,1.69,2.33,1.64,2.24,-1.25,1.88,2.02,1.88,2,1.91,2.06,1.83,2.01,1.4,5,7,1.4,5,6.25,1.43,4.7,7,1.39,5.47,7.14,1.38,5,7.5,1.4,5,7.5,1.44,5.47,7.73,1.4,5,7.01,1.57,2.37,1.53,2.59,1.64,2.59,1.56,2.39,-1.25,1.95,1.95,1.91,1.99,1.98,2,1.91,1.94
E1,22/07/2020,19:30,Bristol City,Preston,1,1,D,0,1,A,A Woolmer,13,22,6,6,10,11,4,7,0,0,0,0,2.62,3.3,2.6,2.7,3.2,2.6,2.65,3.15,2.6,2.75,3.33,2.66,2.7,3.3,2.6,2.6,3.4,2.55,2.77,3.45,2.73,2.68,3.29,2.61,1.9,1.95,1.91,1.95,1.95,1.97,1.88,1.91,0,1.98,1.92,1.97,1.91,2,1.98,1.95,1.9,2.8,3.4,2.5,2.85,3.2,2.45,2.8,3.25,2.45,2.95,3.3,2.51,2.88,3.3,2.45,2.9,3.4,2.45,3.04,3.5,2.55,2.87,3.31,2.46,1.72,2.1,1.78,2.11,1.82,2.14,1.75,2.06,0.25,1.72,2.07,1.76,2.16,1.83,2.16,1.76,2.11
E1,22/07/2020,19:30,Cardiff,Hull,3,0,H,2,0,H,J Linington,14,8,7,2,16,16,4,5,0,0,0,0,1.36,5,7.5,1.36,5,7.25,1.4,4.7,7.75,1.39,4.86,8.51,1.36,4.8,8.5,1.36,5,7.5,1.41,5.25,8.62,1.38,4.85,7.86,1.61,2.3,1.63,2.33,1.67,2.36,1.62,2.28,-1.25,1.88,2.02,1.88,2,1.9,2.05,1.86,1.99,1.44,4.75,6.5,1.42,4.5,7,1.47,4.4,6.75,1.47,4.56,6.94,1.44,4.5,7,1.44,4.75,7,1.5,4.96,7.5,1.44,4.61,6.82,1.57,2.37,1.64,2.35,1.65,2.42,1.6,2.32,-1.25,2.07,1.83,2.08,1.82,2.09,1.93,2.01,1.85
E1,22/07/2020,19:30,Leeds,Charlton,4,0,H,2,0,H,G Eltringham,21,10,8,4,14,10,10,4,1,0,0,0,1.65,4.2,4.5,1.62,4.1,4.75,1.7,3.85,4.6,1.72,4.01,4.72,1.67,3.9,4.8,1.65,4.1,4.6,1.75,4.2,5.06,1.68,3.99,4.64,1.61,2.3,1.67,2.26,1.69,2.37,1.64,2.25,-0.75,1.91,1.99,1.93,1.95,1.93,2.05,1.89,1.95,1.6,4.33,5,1.6,4.2,4.75,1.55,4.2,5.5,1.55,4.73,5.45,1.53,4.4,5.5,1.55,4.4,5.75,1.67,4.73,5.8,1.57,4.38,5.23,1.61,2.3,1.6,2.43,1.65,2.43,1.6,2.31,-1,1.95,1.95,1.93,1.97,2.08,1.99,1.96,1.89
E1,22/07/2020,19:30,Luton,Blackburn,3,2,H,2,1,H,D Bond,8,14,1,4,10,12,2,6,4,1,0,0,1.72,3.75,4.75,1.75,3.6,4.5,1.8,3.6,4.3,1.81,3.8,4.49,1.8,3.6,4.33,1.75,3.75,4.2,1.84,3.85,4.75,1.78,3.69,4.38,1.72,2.1,1.77,2.1,1.8,2.19,1.74,2.09,-0.75,2.05,1.85,2.04,1.84,2.08,1.88,2.03,1.83,1.9,3.75,3.75,1.85,3.5,4.1,1.95,3.45,3.65,2.01,3.62,3.8,1.95,3.6,3.7,2,3.75,3.6,2.05,3.8,4.29,1.95,3.64,3.73,1.72,2.1,1.73,2.19,1.82,2.21,1.72,2.12,-0.5,2.02,1.88,2.01,1.89,2.08,1.96,1.97,1.87
E1,22/07/2020,19:30,Millwall,Huddersfield,4,1,H,1,1,D,K Stroud,15,7,9,2,14,14,9,2,1,0,0,0,2.37,3.25,3,2.35,3.2,3,2.4,3.15,2.95,2.44,3.29,3.08,2.35,3.3,3,2.38,3.3,2.9,2.49,3.45,3.13,2.4,3.25,2.98,1.9,1.9,1.85,2.01,1.94,2.04,1.86,1.94,-0.25,2.09,1.81,2.08,1.81,2.12,1.85,2.07,1.79,2.1,3.4,3.5,2.1,3.3,3.4,2.15,3.2,3.45,2.15,3.36,3.6,2.15,3.3,3.5,2.15,3.4,3.5,2.2,3.48,3.67,2.13,3.32,3.49,1.9,1.9,1.92,1.96,1.99,1.99,1.9,1.9,-0.25,1.84,2.06,1.85,2.05,1.88,2.09,1.84,2.02
E1,22/07/2020,19:30,Nott'm Forest,Stoke,1,4,A,0,1,A,G Ward,16,10,5,4,9,13,6,4,0,1,0,0,2.1,3.3,3.5,2.15,3.3,3.3,2.15,3.1,3.45,2.19,3.32,3.54,2.15,3.25,3.5,2.15,3.3,3.3,2.24,3.39,3.6,2.16,3.26,3.44,2,1.8,2.09,1.78,2.19,1.82,2.06,1.76,-0.25,1.89,2.01,1.88,2,1.92,2.05,1.87,1.98,2.2,3.1,3.6,2.2,3.1,3.4,2.25,3.05,3.35,2.31,3.18,3.41,2.25,3.2,3.25,2.3,3.3,3.2,2.38,3.32,3.68,2.25,3.17,3.35,2,1.8,2.12,1.78,2.24,1.81,2.06,1.76,-0.25,2.01,1.89,1.98,1.93,2.02,1.95,1.96,1.89
E1,22/07/2020,19:30,Reading,Swansea,1,4,A,1,1,D,S Martin,19,20,6,8,17,10,4,8,1,0,1,0,3.9,3.4,1.95,3.7,3.3,2,3.8,3.4,1.95,3.87,3.71,1.96,3.75,3.6,1.95,3.7,3.6,1.93,3.95,3.75,2.02,3.78,3.57,1.94,1.8,2,1.8,2.06,1.9,2.08,1.82,1.98,0.5,1.92,1.98,1.93,1.95,1.93,2.02,1.89,1.94,3.75,3.6,1.95,3.7,3.5,1.95,3.65,3.5,1.95,3.75,3.7,2,3.7,3.7,1.91,3.75,3.75,1.95,3.95,3.95,2.09,3.68,3.65,1.96,1.66,2.2,1.69,2.25,1.74,2.29,1.68,2.18,0.5,1.9,2,1.9,2,1.95,2.06,1.88,1.96
E1,22/07/2020,19:30,Sheffield Weds,Middlesbrough,1,2,A,1,1,D,J Gillett,18,10,4,4,11,11,10,2,0,0,0,0,2.2,3.4,3.2,2.2,3.25,3.25,2.3,3.1,3.15,2.37,3.24,3.24,2.3,3.3,3.1,2.25,3.4,3,2.4,3.4,3.3,2.3,3.25,3.15,2,1.8,2.05,1.81,2.09,1.86,2.02,1.79,-0.25,2.01,1.89,2.02,1.86,2.04,1.92,1.99,1.86,2.5,3.4,2.8,2.45,3.1,2.95,2.5,3.2,2.8,2.51,3.39,2.88,2.5,3.25,2.8,2.5,3.4,2.88,2.61,3.47,2.95,2.48,3.31,2.84,1.9,1.9,1.85,2.04,2.01,2.04,1.87,1.93,0,1.82,2.08,1.81,2.09,1.83,2.14,1.79,2.07
E1,22/07/2020,19:30,West Brom,QPR,2,2,D,1,1,D,D England,16,7,6,3,13,9,5,3,0,0,0,0,1.22,6.5,11,1.25,6,10,1.27,5.75,11,1.24,6.23,12.74,1.24,5.8,12,1.25,5.75,11,1.28,6.55,12.91,1.25,6.03,11.11,1.53,2.5,1.53,2.56,1.58,2.59,1.53,2.47,-1.75,2.03,1.87,2.01,1.87,2.08,1.95,1.97,1.87,1.22,6.5,12,1.25,6,10,1.25,6,11,1.22,6.64,13.42,1.22,6,13,1.22,6.5,13,1.27,6.8,13.42,1.23,6.3,11.65,1.5,2.62,1.47,2.78,1.54,2.78,1.48,2.61,-1.75,1.93,1.97,1.93,1.97,1.95,2,1.92,1.94
E1,22/07/2020,19:30,Wigan,Fulham,1,1,D,1,0,H,J Brooks,13,19,7,4,14,11,5,4,3,4,0,0,2.55,3.6,2.5,2.55,3.6,2.5,2.55,3.4,2.55,2.57,3.72,2.61,2.5,3.7,2.55,2.55,3.6,2.5,2.65,3.85,2.67,2.54,3.61,2.55,1.72,2.1,1.69,2.22,1.74,2.26,1.68,2.17,0,1.95,1.95,1.93,1.96,2,1.99,1.92,1.92,2.65,3.9,2.37,2.7,3.6,2.35,2.6,3.5,2.45,2.61,3.77,2.55,2.6,3.7,2.45,2.7,3.75,2.45,2.71,3.99,2.62,2.63,3.7,2.44,1.66,2.2,1.65,2.32,1.67,2.39,1.63,2.25,0,1.98,1.92,1.97,1.93,2.07,1.96,1.99,1.86
