Div,Date,Time,HomeTeam,AwayTeam,FTHG,FTAG,FTR,HTHG,HTAG,HTR,HS,AS,HST,AST,HF,AF,HC,AC,HY,AY,HR,AR,B365H,B365D,B365A,BWH,BWD,BWA,IWH,IWD,IWA,PSH,PSD,PSA,WHH,WHD,WHA,VCH,VCD,VCA,MaxH,MaxD,MaxA,AvgH,AvgD,AvgA,B365>2.5,B365<2.5,P>2.5,P<2.5,Max>2.5,Max<2.5,Avg>2.5,Avg<2.5,AHh,B365AHH,B365AHA,PAHH,PAHA,MaxAHH,MaxAHA,AvgAHH,AvgAHA,B365CH,B365CD,B365CA,BWCH,BWCD,BWCA,IWCH,IWCD,IWCA,PSCH,PSCD,PSCA,WHCH,WHCD,WHCA,VCCH,VCCD,VCCA,MaxCH,MaxCD,MaxCA,AvgCH,AvgCD,AvgCA,B365C>2.5,B365C<2.5,PC>2.5,PC<2.5,MaxC>2.5,MaxC<2.5,AvgC>2.5,AvgC<2.5,AHCh,B365CAHH,B365CAHA,PCAHH,PCAHA,MaxCAHH,MaxCAHA,AvgCAHH,AvgCAHA
SP1,11/06/2020,21:00,Sevilla,Betis,2,0,H,0,0,D,13,12,5,1,13,16,11,2,0,2,0,0,1.8,3.75,4.33,1.83,3.7,4.25,1.9,3.5,4.1,1.87,3.76,4.43,1.8,3.7,4.5,1.83,3.7,4.2,1.92,3.88,4.8,1.85,3.68,4.35,1.9,1.9,1.93,1.97,1.96,2.03,1.87,1.94,-0.75,2.05,1.75,2.15,1.8,2.18,1.83,2.11,1.78,1.9,3.6,4,1.87,3.6,4.2,1.9,3.5,4.1,1.97,3.63,4.11,1.95,3.5,4,1.93,3.7,3.8,2.03,3.75,4.35,1.94,3.58,4,1.9,1.9,1.88,2.02,1.94,2.11,1.84,1.97,-0.5,1.98,1.92,1.97,1.94,2.03,1.97,1.95,1.92
SP1,12/06/2020,18:30,Granada,Getafe,2,1,H,0,1,A,10,6,4,2,17,16,2,3,6,4,0,0,3.1,3,2.45,3.3,2.95,2.45,3.3,2.9,2.45,3.43,2.98,2.52,3.4,2.9,2.45,3.3,3,2.4,3.57,3.05,2.58,3.31,2.94,2.46,3,1.4,3.03,1.43,3.03,1.47,2.82,1.42,0.25,1.83,2.07,1.83,2.11,1.85,2.11,1.81,2.07,3.3,2.9,2.45,3.4,2.85,2.45,3.4,2.9,2.45,3.49,2.94,2.51,3.4,2.88,2.45,3.2,2.88,2.55,3.57,3.03,2.61,3.37,2.89,2.47,3,1.4,3.11,1.42,3.11,1.46,2.84,1.42,0.25,1.83,2.07,1.83,2.1,1.86,2.14,1.82,2.07
SP1,12/06/2020,21:00,Valencia,Levante,1,1,D,0,0,D,12,14,3,4,11,13,0,6,1,4,0,1,1.7,3.8,4.75,1.75,4.1,4.33,1.73,4.05,4.4,1.75,4.19,4.58,1.7,4.2,4.4,1.7,4.1,4.5,1.78,4.4,4.86,1.73,4.08,4.48,1.61,2.3,1.66,2.36,1.7,2.41,1.61,2.31,-0.75,1.93,1.97,1.97,1.94,1.97,2.01,1.93,1.94,1.85,3.75,4.2,1.83,3.75,4.2,1.8,3.8,4.3,1.92,3.76,4.19,1.85,3.6,4.33,1.87,3.8,3.9,1.94,4.05,4.54,1.86,3.77,4.09,1.66,2.2,1.68,2.31,1.74,2.34,1.65,2.24,-0.5,1.91,1.99,1.92,2,1.95,2.08,1.88,2
SP1,13/06/2020,13:00,Espanol,Alaves,2,0,H,1,0,H,19,1,9,0,16,19,2,1,4,3,0,1,2.05,3.2,3.75,2.1,3.2,3.8,2.1,3.15,3.85,2.1,3.3,3.93,2.1,3.2,3.8,2.1,3.13,3.75,2.2,3.38,4.05,2.1,3.2,3.83,2.5,1.53,2.5,1.58,2.63,1.61,2.47,1.54,-0.25,1.82,2.08,1.79,2.13,1.85,2.14,1.8,2.08,1.95,3.1,4.6,2.05,3,4.33,1.87,3.2,4.75,1.91,3.37,4.87,1.91,3.2,4.6,1.9,3.2,4.6,2.05,3.37,5.4,1.92,3.19,4.67,2.75,1.44,2.81,1.49,2.86,1.53,2.69,1.46,-0.5,1.92,2.01,1.91,2.01,2.03,2.03,1.92,1.96
SP1,13/06/2020,16:00,Celta,Villarreal,0,1,A,0,0,D,4,15,0,4,5,20,2,8,1,1,0,0,2.5,3.4,2.7,2.55,3.3,2.8,2.6,3.35,2.75,2.64,3.39,2.78,2.55,3.4,2.75,2.55,3.4,2.7,2.71,3.5,2.88,2.59,3.35,2.75,1.9,1.9,1.99,1.91,2.03,1.96,1.94,1.87,0,1.89,2.01,1.91,2.01,1.95,2.06,1.87,2,2.45,3.3,3,2.4,3.25,3.1,2.45,3.2,2.95,2.5,3.31,3.1,2.45,3.2,3,2.45,3.25,2.9,2.62,3.34,3.21,2.47,3.23,3,2.1,1.72,2.17,1.76,2.22,1.81,2.09,1.74,-0.25,2.02,1.77,2.13,1.81,2.2,1.83,2.12,1.77
SP1,13/06/2020,18:30,Leganes,Valladolid,1,2,A,0,1,A,11,6,2,2,21,20,2,1,2,4,0,0,2.25,3,3.5,2.35,3,3.4,2.3,3,3.55,2.31,3.08,3.63,2.3,3,3.5,2.3,3,3.4,2.43,3.14,3.7,2.31,3.02,3.51,3,1.4,2.92,1.45,3,1.47,2.78,1.43,-0.25,1.98,1.92,1.96,1.96,2.02,1.96,1.96,1.91,2.37,2.9,3.5,2.3,2.95,3.6,2.4,2.75,3.6,2.48,2.87,3.65,2.35,2.88,3.6,2.4,2.8,3.6,2.52,3,3.9,2.4,2.83,3.6,3.5,1.3,3.47,1.35,3.5,1.36,3.28,1.33,-0.25,2.06,1.87,2.06,1.86,2.06,1.97,2.02,1.86
SP1,13/06/2020,21:00,Mallorca,Barcelona,0,4,A,0,2,A,13,12,3,7,16,5,9,3,1,2,0,0,10,5.75,1.28,9.5,6,1.28,9.9,6,1.28,9.96,6.21,1.29,10,6,1.27,10.5,6,1.25,11,6.7,1.32,9.91,6,1.28,1.44,2.75,1.47,2.82,1.48,2.88,1.45,2.72,1.75,1.92,1.98,1.93,1.99,1.97,2.03,1.89,1.97,9,6,1.28,9.25,5.75,1.3,11,6.2,1.25,10.29,5.66,1.32,9.5,5.8,1.3,8.5,5.5,1.33,12,6.2,1.34,9.6,5.71,1.3,1.5,2.62,1.53,2.68,1.53,2.96,1.47,2.66,1.5,1.9,2.03,1.85,2.07,2.1,2.07,1.94,1.94
SP1,14/06/2020,13:00,Ath Bilbao,Ath Madrid,1,1,D,1,1,D,10,9,3,2,10,9,5,7,3,0,0,0,3.75,2.9,2.2,3.75,2.95,2.25,3.7,2.95,2.25,3.81,2.95,2.31,3.75,3,2.25,3.5,3,2.25,4.09,3.12,2.38,3.74,2.96,2.27,2.75,1.44,2.91,1.45,2.91,1.47,2.74,1.44,0.25,1.96,1.94,1.97,1.95,1.99,1.97,1.95,1.92,3.4,2.9,2.37,3.4,2.8,2.5,3.6,2.9,2.3,3.52,2.95,2.49,3.5,2.9,2.38,3.3,3,2.4,3.72,3.02,2.53,3.46,2.88,2.42,3,1.4,3.04,1.43,3.04,1.49,2.83,1.42,0.25,1.85,2.08,1.85,2.08,1.98,2.14,1.84,2.05
SP1,14/06/2020,18:30,Real Madrid,Eibar,3,1,H,3,0,H,6,9,5,5,11,12,3,3,1,1,0,0,1.22,7,11,1.26,6,11,1.25,6.2,11.5,1.24,6.58,12.63,1.22,6.5,13,1.22,6.5,12,1.28,7.09,14.25,1.24,6.41,11.84,1.53,2.5,1.53,2.65,1.55,2.66,1.51,2.53,-1.75,1.92,1.98,1.92,2,1.94,2.01,1.9,1.96,1.2,7,13,1.2,7,13.5,1.25,6.1,11,1.2,7.53,16.01,1.18,7,17,1.17,7,18,1.25,7.7,19.5,1.19,7.08,14.81,1.4,3,1.44,3,1.46,3,1.41,2.85,-2.25,2.1,1.7,2.19,1.76,2.2,1.84,2.15,1.76
SP1,14/06/2020,21:00,Sociedad,Osasuna,1,1,D,0,1,A,9,8,4,1,5,12,1,6,1,3,0,0,1.66,3.9,5,1.65,4,5.25,1.7,3.9,4.95,1.72,3.91,5.09,1.67,3.8,5.25,1.67,3.9,5,1.77,4.05,5.45,1.69,3.89,5.01,1.8,2,1.81,2.1,1.88,2.13,1.78,2.03,-0.75,1.91,1.99,1.93,1.99,1.94,2.02,1.89,1.97,1.66,3.75,5.5,1.67,3.75,5.5,1.65,3.8,5.4,1.67,3.98,5.69,1.63,3.8,5.8,1.65,3.75,5.5,1.71,4,6,1.66,3.81,5.47,2,1.8,2.05,1.85,2.12,1.88,2.03,1.79,-0.75,1.9,2.03,1.86,2.06,1.9,2.12,1.85,2.03
SP1,15/06/2020,18:30,Levante,Sevilla,1,1,D,0,0,D,11,10,5,4,12,10,5,6,1,1,0,0,5,4,1.65,5.25,4,1.65,5,4.1,1.65,5.25,3.97,1.69,5.25,3.9,1.65,5,4,1.65,5.55,4.15,1.72,5.09,3.98,1.67,1.72,2.1,1.78,2.13,1.83,2.19,1.75,2.09,0.75,2.05,1.88,2.04,1.88,2.06,1.91,2.02,1.86,5.5,4.2,1.57,5.5,4,1.62,4.7,4,1.7,5.77,4.11,1.62,5.5,4,1.62,5.5,4,1.6,6.1,4.3,1.7,5.45,4.04,1.62,1.9,1.9,1.88,2.02,1.92,2.11,1.82,1.99,1,1.85,2.08,1.85,2.07,1.89,2.15,1.81,2.07
SP1,15/06/2020,21:00,Betis,Granada,2,2,D,0,1,A,18,8,6,5,13,18,11,2,2,4,0,0,1.9,3.5,4,1.95,3.5,4,2,3.4,3.8,1.94,3.59,4.22,1.95,3.5,4,1.87,3.6,4.1,2.01,3.62,4.45,1.94,3.48,4.11,2,1.8,2.07,1.83,2.14,1.88,2.04,1.79,-0.5,1.94,1.99,1.94,1.98,2,2.02,1.94,1.93,1.83,3.75,4.2,1.83,3.5,4.5,1.9,3.5,4.1,1.9,3.6,4.4,1.83,3.6,4.4,1.75,3.6,4.75,1.92,3.82,5.15,1.84,3.57,4.46,2,1.8,2.1,1.8,2.12,1.9,2.01,1.8,-0.5,1.88,2.05,1.9,2.02,1.91,2.11,1.85,2.03
SP1,16/06/2020,18:30,Getafe,Espanol,0,0,D,0,0,D,21,5,4,3,15,9,5,5,3,2,0,1,1.95,3.1,4.33,1.91,3.25,4.5,2,3.1,4.3,2.03,3.18,4.45,2,3.1,4.33,2,3.13,4.2,2.1,3.25,4.55,2.01,3.14,4.32,2.62,1.5,2.71,1.51,2.76,1.51,2.64,1.47,-0.5,2.04,1.89,2.03,1.88,2.08,1.91,2.02,1.85,2,3,4.5,2,3.1,4.4,2,3,4.45,2.05,3.17,4.49,2,3,4.6,2,3.1,4.4,2.08,3.3,5,2.01,3.07,4.45,3.2,1.36,3.01,1.44,3.05,1.45,2.92,1.4,-0.5,2.07,1.86,2.05,1.87,2.09,1.9,2.01,1.86
SP1,16/06/2020,18:30,Villarreal,Mallorca,1,0,H,1,0,H,10,15,4,5,16,10,2,6,3,4,0,0,1.53,4.5,5.75,1.55,4.4,5.75,1.53,4.4,5.9,1.53,4.54,6.27,1.5,4.33,6.5,1.5,4.5,6,1.57,4.65,6.7,1.52,4.45,6,1.66,2.2,1.7,2.26,1.75,2.32,1.67,2.2,-1,1.91,2.02,1.93,2,1.96,2.03,1.88,1.99,1.4,4.75,7.5,1.4,4.75,8,1.45,4.6,6.8,1.39,5.04,9,1.38,4.8,8.5,1.36,4.8,9,1.46,5.31,9,1.39,4.88,8.16,1.72,2.1,1.73,2.23,1.77,2.3,1.68,2.2,-1.25,1.9,2.03,1.92,2,1.95,2.11,1.87,2
SP1,16/06/2020,21:00,Barcelona,Leganes,2,0,H,1,0,H,10,6,5,2,16,16,3,2,5,3,0,0,1.16,7.5,13,1.15,8.25,16.5,1.17,7.6,16.5,1.15,8.37,18.71,1.14,8,19,1.14,8,18,1.2,9.1,21,1.16,8.06,17.42,1.5,2.62,1.48,2.75,1.51,2.76,1.47,2.64,-2,1.86,2.07,1.85,2.05,1.9,2.1,1.82,2.06,1.16,7,17,1.2,6.75,15,1.2,6.5,15,1.21,6.91,16.99,1.18,7,17,1.22,6.5,13,1.23,7.6,19.62,1.2,6.8,14.81,1.57,2.37,1.6,2.5,1.62,2.53,1.56,2.4,-1.75,2,1.93,1.97,1.94,2.02,2.04,1.92,1.95
SP1,17/06/2020,18:30,Eibar,Ath Bilbao,2,2,D,1,1,D,12,6,6,3,10,11,8,3,3,2,0,0,3.2,3,2.4,3.2,3.1,2.4,3.3,3,2.4,3.4,3.12,2.39,3.3,3,2.4,3.13,3.1,2.38,3.5,3.15,2.54,3.28,3.04,2.41,2.5,1.53,2.55,1.56,2.63,1.61,2.51,1.52,0.25,1.86,2.07,1.88,2.03,1.88,2.09,1.84,2.03,3.1,3,2.45,3.2,2.9,2.55,3.15,2.9,2.55,3.27,2.98,2.62,3.2,3,2.5,3.1,3,2.5,3.35,3.1,2.67,3.17,2.96,2.53,2.75,1.44,2.93,1.46,2.93,1.53,2.7,1.46,0.25,1.78,2.16,1.77,2.19,1.83,2.19,1.77,2.14
SP1,17/06/2020,18:30,Valladolid,Celta,0,0,D,0,0,D,6,11,1,4,18,15,5,8,3,3,0,0,3,3,2.6,3,3,2.6,2.95,2.95,2.7,3,2.98,2.74,2.9,3,2.7,2.88,3,2.63,3.1,3.08,2.81,2.95,2.96,2.68,2.62,1.5,2.82,1.47,2.82,1.51,2.66,1.46,0,2.04,1.89,2.05,1.87,2.09,1.92,2.03,1.85,2.6,2.9,3,2.6,2.8,3.2,2.65,2.85,3.1,2.73,2.86,3.24,2.62,2.8,3.2,2.55,2.9,3.13,2.83,2.99,3.3,2.65,2.86,3.09,3.2,1.36,3.1,1.42,3.1,1.44,2.93,1.39,0,1.78,2.16,1.8,2.14,1.94,2.19,1.8,2.1
SP1,17/06/2020,21:00,Osasuna,Ath Madrid,0,5,A,0,1,A,13,10,3,6,12,8,3,2,3,3,0,0,5,3.25,1.8,5.25,3.2,1.83,4.9,3.3,1.85,5.36,3.19,1.88,5,3.3,1.83,4.75,3.4,1.8,5.45,3.4,1.92,5.01,3.25,1.85,2.5,1.53,2.57,1.56,2.63,1.61,2.47,1.54,0.5,2.06,1.87,2.04,1.88,2.09,1.9,2.01,1.86,4.75,3.4,1.85,5,3.2,1.87,4.5,3.3,1.9,4.99,3.26,1.93,4.75,3.3,1.85,4.6,3.3,1.87,5.15,3.45,1.96,4.77,3.25,1.89,2.5,1.53,2.64,1.54,2.65,1.6,2.5,1.53,0.5,1.99,1.94,1.99,1.93,2.02,1.96,1.97,1.9
SP1,18/06/2020,18:30,Alaves,Sociedad,2,0,H,0,0,D,15,9,7,1,21,11,5,6,3,4,1,1,3.8,3.5,1.95,4.2,3.25,1.91,4.15,3.35,1.95,4.31,3.53,1.93,4.2,3.4,1.95,4.1,3.3,1.93,4.35,3.58,2.06,4.16,3.37,1.95,2.3,1.61,2.27,1.69,2.38,1.73,2.26,1.64,0.5,1.95,1.98,1.98,1.93,1.98,2.01,1.91,1.95,3.9,3.3,2.05,4.25,3.3,1.95,4,3.3,2,4,3.31,2.11,4,3.2,2.05,3.8,3.3,2.05,4.25,3.38,2.16,3.95,3.25,2.05,2.3,1.61,2.4,1.64,2.46,1.7,2.31,1.61,0.5,1.82,2.11,1.83,2.11,1.89,2.14,1.82,2.07
SP1,18/06/2020,21:00,Real Madrid,Valencia,3,0,H,0,0,D,19,4,14,2,12,11,8,2,0,2,0,1,1.36,4.75,8,1.36,5,7.25,1.4,5.1,7.4,1.39,5.29,7.96,1.35,5.25,8.5,1.36,5.25,7.5,1.42,5.45,8.8,1.38,5.09,7.71,1.53,2.5,1.54,2.61,1.54,2.66,1.51,2.51,-1.25,1.86,2.07,1.86,2.06,1.9,2.14,1.84,2.04,1.33,5.75,8,1.4,5,7.5,1.4,5,7.2,1.38,5.46,8.14,1.35,5.5,8,1.36,5.25,8,1.4,5.85,8.8,1.36,5.36,7.93,1.5,2.62,1.51,2.75,1.53,2.84,1.47,2.64,-1.5,2.06,1.87,2.05,1.88,2.11,1.96,2.02,1.86
SP1,19/06/2020,18:30,Granada,Villarreal,0,1,A,0,1,A,14,5,4,1,17,15,5,0,0,3,0,0,3.1,3.2,2.4,3.1,3.2,2.4,3.1,3.15,2.4,3.23,3.2,2.49,3.1,3.2,2.4,3,3.2,2.45,3.28,3.36,2.54,3.12,3.19,2.43,2.2,1.66,2.32,1.68,2.36,1.73,2.26,1.65,0.25,1.82,2.11,1.83,2.11,1.84,2.14,1.81,2.08,2.75,3.2,2.62,3.1,3.2,2.3,2.9,3.15,2.55,3.13,3.2,2.55,2.88,3.2,2.6,2.88,3.2,2.55,3.13,3.34,2.72,2.89,3.17,2.58,2.2,1.66,2.27,1.7,2.35,1.75,2.21,1.67,0,2.14,1.8,2.18,1.78,2.21,1.88,2.08,1.82
SP1,19/06/2020,18:30,Mallorca,Leganes,1,1,D,1,0,H,7,16,3,4,15,11,3,7,3,6,0,0,2.8,2.9,2.87,2.85,2.9,2.85,2.75,2.95,2.85,2.83,2.98,2.97,2.75,2.9,2.9,2.7,3,2.88,2.91,3.04,3.04,2.77,2.93,2.9,2.62,1.5,2.72,1.52,2.75,1.52,2.62,1.48,0,1.9,2.03,1.91,2,1.95,2.05,1.89,1.99,2.7,3,2.87,2.6,2.9,2.9,2.7,2.9,2.95,2.89,2.96,2.94,2.7,3,2.9,2.6,3,3,2.89,3.06,3.14,2.72,2.93,2.94,2.75,1.44,2.79,1.5,2.85,1.5,2.68,1.46,0,1.86,2.07,1.94,1.97,1.95,2.09,1.86,2.02
SP1,19/06/2020,21:00,Sevilla,Barcelona,0,0,D,0,0,D,8,10,4,4,17,8,2,9,3,2,0,0,3.4,3.6,2.05,3.3,3.7,2.1,3.4,3.5,2.1,3.49,3.63,2.16,3.4,3.5,2.15,3.3,3.6,2.1,3.64,3.7,2.21,3.4,3.57,2.13,1.72,2.1,1.75,2.2,1.8,2.23,1.72,2.14,0.25,2.06,1.87,2.06,1.87,2.09,1.89,2.03,1.85,3.4,3.5,2.1,4,3.8,1.78,3.3,3.4,2.2,3.58,3.58,2.14,3.5,3.5,2.1,3.4,3.5,2.1,4,3.8,2.2,3.51,3.5,2.1,1.9,1.9,1.93,1.97,1.96,2.25,1.86,1.96,0.25,2.08,1.85,2.08,1.85,2.09,1.96,2.05,1.83
SP1,20/06/2020,13:00,Espanol,Levante,1,3,A,1,1,D,10,14,3,8,11,10,8,5,2,0,0,0,1.95,3.5,3.8,1.95,3.6,3.9,2,3.45,3.85,2.01,3.61,4,1.95,3.5,3.9,1.95,3.5,3.8,2.05,3.72,4.05,1.99,3.51,3.85,2.1,1.72,2.15,1.78,2.19,1.83,2.08,1.76,-0.5,2.03,1.9,2.01,1.91,2.04,1.91,2,1.87,2.05,3.5,3.6,2,3.4,3.9,2,3.05,3.7,2.17,3.29,3.83,2.05,3.4,3.7,2.1,3.3,3.6,2.2,3.6,3.91,2.09,3.29,3.74,2.2,1.66,2.27,1.71,2.37,1.76,2.19,1.68,-0.25,1.86,2.07,1.85,2.08,1.88,2.11,1.83,2.06
SP1,20/06/2020,16:00,Ath Bilbao,Betis,1,0,H,1,0,H,12,9,3,5,16,11,11,5,4,0,0,0,2.1,3.25,3.75,2.1,3.4,3.6,2.15,3.25,3.6,2.19,3.37,3.67,2.15,3.25,3.6,2.1,3.3,3.6,2.25,3.4,3.8,2.14,3.29,3.61,2.2,1.66,2.27,1.71,2.32,1.75,2.21,1.67,-0.25,1.88,2.05,1.88,2.05,1.9,2.09,1.85,2.03,2.05,3.25,3.8,2.1,3.25,3.75,2.15,3.25,3.55,2.14,3.3,3.91,2.05,3.25,3.9,2.1,3.3,3.7,2.17,3.54,4.07,2.1,3.27,3.77,2.2,1.66,2.22,1.74,2.3,1.77,2.18,1.68,-0.25,1.82,2.11,1.83,2.11,1.85,2.14,1.81,2.09
SP1,20/06/2020,18:30,Getafe,Eibar,1,1,D,1,1,D,9,8,2,2,18,15,2,1,3,0,0,0,1.8,3.4,5,1.83,3.4,4.75,1.8,3.35,4.95,1.84,3.45,5.18,1.8,3.4,5,1.8,3.3,5,1.91,3.49,5.35,1.82,3.37,4.95,2.5,1.53,2.61,1.56,2.65,1.6,2.47,1.55,-0.5,1.85,2.08,1.84,2.09,1.85,2.14,1.81,2.07,2,3.1,4.33,1.95,3.1,4.6,2.05,2.95,4.55,2.05,3.06,4.74,2,3.1,4.5,2,3,4.5,2.08,3.17,5.1,2.01,3.02,4.59,3.2,1.36,3.19,1.4,3.43,1.42,3.08,1.36,-0.5,2.06,1.87,2.05,1.87,2.08,1.91,2.02,1.85
SP1,20/06/2020,21:00,Ath Madrid,Valladolid,1,0,H,0,0,D,15,6,4,2,14,12,10,1,4,2,0,0,1.36,4.5,11,1.4,4.33,9.5,1.4,4.4,9.2,1.38,4.74,10.51,1.36,4.5,11,1.4,4.33,9,1.41,4.75,12,1.38,4.48,9.86,2.2,1.66,2.29,1.69,2.32,1.76,2.2,1.68,-1.25,2.05,1.88,2.09,1.84,2.09,1.91,2,1.87,1.4,4.33,9.5,1.4,4.33,9.5,1.4,4.3,9.5,1.4,4.55,10.24,1.38,4.4,10,1.36,4.6,10,1.43,4.8,12.5,1.39,4.44,9.77,2.1,1.72,2.21,1.74,2.25,1.82,2.15,1.71,-1.25,2.01,1.92,2.02,1.9,2.04,1.95,1.97,1.91
SP1,21/06/2020,13:00,Celta,Alaves,6,0,H,4,0,H,15,4,10,2,14,10,7,4,1,1,0,1,1.9,3.25,4.5,1.91,3.3,4.5,1.93,3.2,4.5,1.96,3.34,4.62,1.91,3.25,4.5,1.9,3.2,4.5,2,3.44,4.8,1.94,3.25,4.48,2.62,1.5,2.75,1.51,2.8,1.55,2.62,1.49,-0.5,1.96,1.97,1.96,1.95,1.99,2,1.94,1.93,1.85,3.25,4.75,1.91,3.2,4.6,1.93,3.15,4.65,1.92,3.32,4.88,1.91,3.25,4.6,1.9,3.2,4.6,2,3.38,4.92,1.92,3.21,4.66,2.75,1.44,2.8,1.49,2.83,1.5,2.69,1.45,-0.5,1.95,1.98,1.92,1.99,1.97,2.02,1.93,1.94
SP1,21/06/2020,18:30,Valencia,Osasuna,2,0,H,2,0,H,7,13,3,3,7,19,1,7,1,2,0,0,1.9,3.5,4,1.91,3.6,4,1.95,3.55,3.9,1.98,3.65,4.03,1.95,3.6,3.9,1.9,3.6,3.9,2.04,3.72,4.32,1.94,3.57,3.94,1.9,1.9,1.96,1.93,2,2,1.89,1.91,-0.5,1.97,1.96,1.98,1.93,1.98,2,1.95,1.91,2,3.5,3.6,2,3.5,3.8,2,3.4,3.85,2.03,3.44,4.14,2,3.4,3.9,2,3.4,3.75,2.07,3.61,4.15,2.01,3.43,3.84,2.08,1.82,2.08,1.83,2.11,1.92,2,1.81,-0.5,2.06,1.87,2.03,1.89,2.08,1.9,2.02,1.85
SP1,21/06/2020,21:00,Sociedad,Real Madrid,1,2,A,0,0,D,10,10,2,6,16,15,4,1,4,2,0,0,4.1,4.2,1.75,4.1,4,1.8,4.2,4.1,1.77,4.24,4.36,1.78,4.2,4.2,1.75,4.2,4,1.75,4.5,4.36,1.84,4.16,4.14,1.77,1.57,2.37,1.64,2.4,1.67,2.49,1.58,2.39,0.75,1.93,2,1.91,2.01,1.94,2.09,1.89,1.97,4.75,4.2,1.66,4.75,4.25,1.65,4.8,4.2,1.65,5.05,4.25,1.68,4.8,4.2,1.67,4.8,4.1,1.67,5.4,4.45,1.74,4.76,4.12,1.68,1.72,2.1,1.75,2.2,1.76,2.3,1.68,2.19,0.75,2.05,1.88,2.05,1.88,2.13,1.95,2,1.88
SP1,22/06/2020,18:30,Villarreal,Sevilla,2,2,D,2,1,H,7,14,5,6,16,12,3,8,3,3,0,0,2.6,3.3,2.7,2.55,3.5,2.7,2.6,3.4,2.65,2.66,3.49,2.69,2.62,3.4,2.7,2.63,3.4,2.6,2.72,3.68,2.78,2.61,3.42,2.67,1.89,2.01,1.93,1.97,1.98,2.06,1.86,1.93,0,1.95,1.95,1.95,1.97,1.99,2.02,1.92,1.95,2.5,3.25,2.9,2.6,3.2,2.85,2.45,3.15,3.05,2.49,3.22,3.21,2.5,3.2,3,2.45,3.3,2.9,2.63,3.35,3.21,2.5,3.21,2.96,2.2,1.66,2.24,1.72,2.35,1.79,2.15,1.7,-0.25,2.1,1.8,2.11,1.83,2.2,1.86,2.1,1.79
SP1,22/06/2020,21:00,Leganes,Granada,0,0,D,0,0,D,9,4,3,1,12,16,4,2,4,4,0,0,2.37,2.9,3.3,2.4,3,3.3,2.45,2.9,3.35,2.46,2.98,3.42,2.4,3,3.3,2.4,2.9,3.3,2.52,3.15,3.5,2.43,2.96,3.34,3,1.4,3.03,1.42,3.03,1.42,2.89,1.4,-0.25,2.06,1.84,2.07,1.85,2.1,1.88,2.05,1.82,1.95,3,4.75,2,3.1,4.4,1.95,2.85,4.4,2.11,2.9,4.83,2,3,4.6,2,3.1,4.33,2.17,3.1,4.89,2.02,3.01,4.5,3,1.4,2.99,1.44,3.1,1.47,2.84,1.41,-0.5,2.04,1.86,2.11,1.83,2.12,1.88,2.03,1.83
SP1,23/06/2020,18:30,Levante,Ath Madrid,0,1,A,0,1,A,12,12,0,7,12,14,10,4,4,2,0,0,5.75,3.6,1.65,6,3.75,1.62,5.5,3.75,1.65,6.05,3.6,1.71,6,3.75,1.62,5.5,3.7,1.67,6.8,3.85,1.73,5.84,3.65,1.67,2.2,1.66,2.27,1.7,2.29,1.79,2.17,1.7,0.75,1.98,1.92,1.99,1.93,2.03,1.94,1.99,1.88,6.5,3.8,1.57,6.25,3.75,1.6,5.5,3.75,1.65,6.77,3.92,1.6,6.5,3.8,1.57,6,4,1.57,7,4.25,1.65,6.39,3.87,1.58,2,1.8,2.1,1.82,2.12,1.9,2.04,1.77,1,1.84,2.06,1.86,2.06,1.92,2.1,1.83,2.05
SP1,23/06/2020,18:30,Valladolid,Getafe,1,1,D,1,1,D,6,15,2,1,12,19,7,8,5,2,0,0,3.4,2.87,2.45,3.3,2.85,2.5,3.4,2.8,2.5,3.48,2.86,2.58,3.3,2.8,2.55,3.3,2.88,2.5,3.55,2.9,2.68,3.39,2.81,2.53,3.4,1.33,3.34,1.37,3.4,1.38,3.16,1.35,0.25,1.79,2.11,1.8,2.14,1.83,2.14,1.78,2.1,3.5,2.8,2.4,3.5,2.8,2.45,3.7,2.7,2.45,3.79,2.8,2.48,3.6,2.8,2.4,3.6,2.75,2.4,4.1,2.88,2.61,3.63,2.74,2.45,3.5,1.3,3.72,1.32,3.72,1.33,3.52,1.29,0.25,1.86,2.04,1.88,2.05,1.91,2.07,1.86,2.02
SP1,23/06/2020,21:00,Barcelona,Ath Bilbao,1,0,H,0,0,D,18,6,4,0,10,16,6,2,2,1,0,0,1.3,5.25,10,1.33,5.5,8.5,1.35,5.1,8.7,1.34,5.47,10.09,1.3,5.5,10,1.33,5.25,9,1.36,5.75,11,1.33,5.35,9.42,1.66,2.2,1.7,2.28,1.75,2.31,1.67,2.21,-1.5,2.03,1.87,2.05,1.87,2.07,1.92,2.01,1.86,1.22,6,15,1.22,6.25,13.5,1.3,5.5,9.6,1.22,6.89,16.05,1.2,6.5,15,1.2,6.5,15,1.3,7.1,18.5,1.22,6.36,14.47,1.57,2.37,1.61,2.47,1.64,2.53,1.58,2.35,-1.75,1.87,2.03,1.89,2.03,1.9,2.13,1.86,2.01
SP1,24/06/2020,18:30,Alaves,Osasuna,0,1,A,0,0,D,5,7,0,1,12,14,7,3,2,3,0,0,2.55,3.1,2.9,2.6,3.1,2.95,2.65,3.05,2.9,2.7,3.1,2.94,2.6,3.1,2.9,2.6,3.1,2.9,2.75,3.24,3.12,2.63,3.07,2.91,2.5,1.53,2.45,1.6,2.52,1.65,2.4,1.57,0,1.8,2.1,1.88,2.04,1.91,2.1,1.84,2.04,2.7,2.8,3,2.85,2.9,2.8,2.85,2.9,2.8,2.95,2.94,2.9,2.8,2.88,2.9,2.8,3,2.75,2.97,3.06,3.09,2.8,2.89,2.88,2.5,1.53,2.65,1.54,2.72,1.58,2.53,1.51,0,1.97,1.93,1.97,1.94,1.99,2,1.93,1.95
SP1,24/06/2020,18:30,Sociedad,Celta,0,1,A,0,1,A,13,4,6,1,18,15,7,3,4,2,0,0,2,3.25,4,2.05,3.2,4,2.1,3.25,3.75,2.12,3.2,4,2.1,3.2,3.8,2.05,3.3,3.8,2.19,3.39,4.3,2.07,3.23,3.92,2.1,1.72,2.13,1.78,2.19,1.83,2.08,1.74,-0.25,1.72,2.07,1.81,2.12,1.84,2.19,1.77,2.11,2.05,3.2,4,2.1,3.2,3.8,2.05,3.2,3.9,2.08,3.31,4.11,2,3.2,4.2,2.05,3.25,3.8,2.12,3.41,4.34,2.06,3.22,3.98,2.3,1.61,2.4,1.64,2.43,1.7,2.3,1.61,-0.5,2.07,1.83,2.08,1.85,2.11,1.87,2.07,1.81
SP1,24/06/2020,21:00,Real Madrid,Mallorca,2,0,H,1,0,H,14,11,6,4,18,12,5,4,4,1,0,0,1.12,9,17,1.14,8.5,19.5,1.17,7.8,16,1.14,8.26,18.67,1.12,8.5,21,1.14,8.5,17,1.17,9.17,21,1.15,8.33,17.41,1.36,3.2,1.4,3,1.41,3.2,1.38,2.98,-2.25,2.04,1.86,2.06,1.82,2.07,1.9,2.02,1.85,1.1,9.5,26,1.15,8,17,1.15,8,17,1.16,8.41,19.04,1.12,8.5,21,1.15,8,15,1.18,9.5,26.28,1.15,8.3,18.2,1.4,3,1.42,3.07,1.43,3.23,1.4,2.9,-2,1.87,2.03,1.88,2.02,1.9,2.18,1.83,2.05
SP1,25/06/2020,18:30,Eibar,Valencia,1,0,H,1,0,H,14,7,5,0,12,7,10,8,4,2,0,1,2.7,3.4,2.55,2.8,3.3,2.55,2.85,3.3,2.5,2.88,3.45,2.52,2.8,3.4,2.5,2.75,3.4,2.5,2.97,3.56,2.6,2.82,3.36,2.51,2,1.8,2.05,1.85,2.1,1.9,2.02,1.79,0,2.01,1.89,2.1,1.83,2.12,1.89,2.05,1.83,3,3.25,2.45,2.9,3.3,2.5,2.9,3.2,2.55,2.97,3.25,2.63,2.9,3.2,2.55,2.88,3.25,2.5,3.09,3.36,2.67,2.9,3.21,2.55,2.2,1.66,2.26,1.71,2.3,1.76,2.17,1.7,0,2.1,1.8,2.08,1.85,2.15,1.86,2.06,1.82
SP1,25/06/2020,21:00,Betis,Espanol,1,0,H,0,0,D,13,9,6,2,18,18,6,5,4,4,0,0,2.15,3.3,3.4,2.2,3.3,3.4,2.2,3.3,3.35,2.24,3.45,3.37,2.25,3.3,3.3,2.15,3.4,3.3,2.33,3.55,3.48,2.2,3.36,3.34,2,1.8,2.09,1.81,2.18,1.84,2.05,1.77,-0.25,1.91,1.99,1.94,1.98,1.97,2.03,1.9,1.96,1.85,3.6,4.2,1.83,3.6,4.4,1.87,3.5,4.3,1.91,3.65,4.35,1.85,3.6,4.33,1.8,3.6,4.4,1.94,3.8,4.65,1.86,3.58,4.35,2.1,1.72,2.13,1.79,2.19,1.83,2.08,1.76,-0.5,1.9,2,1.91,2,1.93,2.06,1.86,2
SP1,26/06/2020,21:00,Sevilla,Valladolid,1,1,D,0,1,A,15,11,3,5,16,17,5,1,3,2,0,0,1.4,4.4,9,1.42,4.33,8.75,1.45,4.3,7.6,1.44,4.43,9.03,1.4,4.4,9,1.4,4.2,9,1.47,4.7,10,1.43,4.32,8.86,2.3,1.61,2.42,1.63,2.44,1.72,2.32,1.62,-1.25,2.07,1.72,2.16,1.79,2.16,1.85,2.09,1.8,1.33,4.75,10,1.36,4.6,10,1.4,4.8,7.6,1.39,4.62,10.51,1.35,4.75,10,1.36,4.6,9.5,1.42,5.05,12.5,1.37,4.63,9.87,2.2,1.66,2.22,1.73,2.25,1.79,2.15,1.71,-1.25,2,1.93,2.01,1.91,2.03,1.98,1.94,1.93
SP1,27/06/2020,13:00,Ath Bilbao,Mallorca,3,1,H,2,0,H,12,14,6,2,17,16,1,8,1,2,0,0,1.5,4,7.5,1.45,4.33,7.5,1.48,4.1,7.6,1.48,4.17,8.4,1.47,4,8.5,1.5,4.1,7.5,1.52,4.33,8.8,1.48,4.11,7.84,2.2,1.66,2.22,1.72,2.28,1.77,2.19,1.68,-1,1.9,2.03,1.91,2.01,1.94,2.08,1.85,2.02,1.8,3.3,5,1.7,3.6,5.5,1.77,3.5,4.95,1.79,3.49,5.42,1.78,3.4,5.25,1.8,3.4,4.8,1.86,3.6,5.6,1.8,3.39,5.05,2.5,1.53,2.46,1.61,2.52,1.65,2.37,1.59,-0.75,2.07,1.86,2.07,1.85,2.15,1.86,2.08,1.8
SP1,27/06/2020,16:00,Celta,Barcelona,2,2,D,0,1,A,10,18,6,2,19,10,3,8,3,4,0,0,5.25,4.2,1.61,5.25,4.1,1.62,5.1,4,1.65,5.21,4.15,1.66,5.5,4,1.62,5.25,4.1,1.62,5.9,4.3,1.69,5.17,4.05,1.64,1.8,2,1.87,2.03,1.91,2.14,1.81,2.01,0.75,2.08,1.85,2.08,1.84,2.11,1.86,2.05,1.82,8.5,5,1.36,9.25,4.75,1.36,7.2,4.5,1.45,9.49,5.16,1.37,9.5,5,1.35,9.5,5,1.33,10,5.6,1.45,9.05,4.98,1.36,1.72,2.1,1.78,2.15,1.88,2.17,1.76,2.07,1.25,2.02,1.77,2.11,1.83,2.13,1.88,2.06,1.82
SP1,27/06/2020,18:30,Osasuna,Leganes,2,1,H,1,0,H,6,21,5,7,12,15,2,4,1,1,0,0,2.25,3,3.6,2.3,3,3.5,2.35,2.95,3.45,2.39,3,3.54,2.35,3,3.5,2.38,3,3.3,2.47,3.1,3.65,2.35,2.98,3.48,2.62,1.5,2.73,1.5,2.88,1.51,2.65,1.47,-0.25,2.03,1.9,2.02,1.89,2.07,1.92,2,1.87,2.75,2.9,2.9,2.75,2.9,2.9,2.6,2.7,2.85,2.72,2.96,3.14,2.75,2.9,2.9,2.7,2.9,2.9,2.85,3.08,3.14,2.75,2.88,2.94,3,1.4,2.88,1.47,3.06,1.48,2.82,1.42,0,1.84,2.09,1.83,2.11,1.94,2.13,1.85,2.03
SP1,27/06/2020,21:00,Ath Madrid,Alaves,2,1,H,0,0,D,14,6,4,2,13,14,3,1,3,2,0,0,1.33,4.75,11,1.33,4.75,11,1.35,4.6,11,1.32,4.94,13.08,1.3,4.8,13,1.33,4.6,11,1.36,5.15,13.75,1.33,4.76,11.77,2.2,1.66,2.23,1.71,2.28,1.77,2.17,1.69,-1.25,1.91,2.02,1.91,2.01,1.93,2.1,1.87,2,1.22,6,15,1.22,5.75,16.5,1.33,5.3,9,1.25,5.91,17.12,1.24,5.5,17,1.22,5.75,18,1.33,6.2,19.5,1.23,5.69,16.48,2.2,1.66,2.25,1.71,2.29,1.79,2.17,1.69,-1.5,1.89,2.04,1.92,2,1.97,2.09,1.86,2.02
SP1,28/06/2020,13:00,Levante,Betis,4,2,H,2,0,H,9,17,4,8,13,14,2,5,0,4,0,0,2.62,3.3,2.62,2.6,3.5,2.65,2.65,3.4,2.65,2.72,3.44,2.67,2.62,3.5,2.6,2.55,3.5,2.6,2.77,3.66,2.77,2.65,3.41,2.65,1.8,2,1.8,2.11,1.86,2.15,1.79,2.03,0,1.96,1.97,1.98,1.94,2,2.03,1.93,1.94,2.7,3.4,2.55,2.7,3.4,2.6,2.7,3.35,2.6,2.75,3.37,2.75,2.75,3.3,2.6,2.63,3.4,2.6,2.91,3.48,2.79,2.73,3.33,2.62,1.9,1.9,1.91,1.99,1.97,2.05,1.87,1.94,0,1.98,1.95,1.95,1.96,2.05,1.98,1.97,1.9
SP1,28/06/2020,16:00,Villarreal,Valencia,2,0,H,2,0,H,17,4,4,0,9,18,1,4,0,2,0,0,2.25,3.25,3.2,2.15,3.5,3.3,2.2,3.55,3.2,2.19,3.7,3.26,2.2,3.5,3.2,2.15,3.5,3.2,2.31,3.75,3.4,2.2,3.54,3.21,1.9,1.9,1.93,1.98,1.97,2.05,1.84,1.97,-0.25,1.92,2.01,1.92,2,1.98,2.02,1.91,1.96,2.1,3.7,3.3,2.15,3.5,3.3,2.1,3.65,3.35,2.13,3.71,3.5,2.15,3.6,3.3,2.1,3.6,3.3,2.22,3.77,3.56,2.13,3.62,3.33,1.66,2.2,1.7,2.28,1.78,2.41,1.67,2.22,-0.25,1.85,2.08,1.85,2.08,1.9,2.11,1.85,2.04
SP1,28/06/2020,18:30,Granada,Eibar,1,2,A,0,1,A,14,13,5,6,8,13,8,5,1,0,0,0,2.37,3,3.25,2.4,3,3.3,2.45,2.95,3.3,2.5,2.96,3.38,2.45,3,3.3,2.38,3,3.25,2.58,3.07,3.5,2.43,2.97,3.31,2.62,1.5,2.76,1.49,2.76,1.52,2.62,1.48,-0.25,2.07,1.86,2.1,1.82,2.11,1.89,2.05,1.82,2.7,2.9,3,2.75,2.9,2.9,2.7,2.9,2.95,2.76,2.95,3.1,2.7,2.9,3,2.7,2.9,2.9,2.81,3.08,3.13,2.71,2.91,2.97,2.75,1.44,2.78,1.5,2.83,1.5,2.66,1.46,0,1.84,2.09,1.85,2.08,1.89,2.12,1.84,2.04
SP1,28/06/2020,21:00,Espanol,Real Madrid,0,1,A,0,1,A,8,14,5,6,18,12,0,5,1,1,0,0,6.5,4.75,1.44,7,4.75,1.44,6.9,4.7,1.45,7.04,4.91,1.45,7.5,4.75,1.42,7.5,4.75,1.4,8.2,5.05,1.47,7.04,4.79,1.43,1.61,2.3,1.75,2.18,1.78,2.3,1.68,2.19,1.25,1.95,1.98,1.93,1.99,1.95,2.03,1.9,1.96,8,4.75,1.4,7.25,4.5,1.45,8,4.7,1.4,7.64,4.69,1.46,7.5,4.75,1.42,7.5,4.75,1.4,8.9,4.95,1.47,7.49,4.68,1.43,1.66,2.2,1.71,2.25,1.76,2.37,1.68,2.18,1.25,1.88,2.05,1.88,2.03,2.04,2.1,1.88,1.99
SP1,29/06/2020,21:00,Getafe,Sociedad,2,1,H,1,0,H,11,5,4,1,22,11,5,4,6,3,0,0,2.5,3,3.1,2.55,3,3.1,2.5,3,3.1,2.55,3.08,3.15,2.5,3.1,3.1,2.45,3.1,3,2.62,3.22,3.22,2.51,3.04,3.1,2.5,1.53,2.62,1.53,2.71,1.58,2.55,1.51,-0.25,2.14,1.8,2.16,1.78,2.16,1.82,2.12,1.77,2.37,3.1,3.3,2.5,2.95,3.25,2.35,3,3.35,2.44,3.09,3.43,2.35,3,3.4,2.38,3.1,3.25,2.5,3.16,3.6,2.38,3.03,3.35,2.5,1.53,2.73,1.51,2.82,1.56,2.58,1.49,-0.25,2.07,1.86,2.06,1.86,2.09,1.88,2.03,1.84
SP1,30/06/2020,18:30,Mallorca,Celta,5,1,H,3,0,H,9,12,7,8,16,12,2,11,3,2,0,0,3.2,3.2,2.37,3.3,3.2,2.3,3.2,3.1,2.4,3.25,3.18,2.48,3.25,3.1,2.38,3.1,3.2,2.4,3.4,3.22,2.54,3.22,3.13,2.41,2.5,1.53,2.49,1.6,2.55,1.64,2.42,1.57,0.25,1.83,2.1,1.83,2.1,1.85,2.12,1.81,2.07,3,3.2,2.45,3.2,3.1,2.4,3,3.15,2.5,3.09,3.26,2.54,3,3.2,2.45,3,3.2,2.45,3.22,3.3,2.62,3.04,3.16,2.48,2.3,1.61,2.36,1.65,2.41,1.71,2.3,1.62,0.25,1.72,2.07,1.79,2.16,1.81,2.2,1.77,2.13
SP1,30/06/2020,20:00,Leganes,Sevilla,0,3,A,0,2,A,9,11,3,6,23,10,4,2,4,3,0,0,4.5,3.2,1.95,4.4,3.2,1.95,4.45,3.2,1.95,4.63,3.34,1.95,4.6,3.2,1.91,4.4,3.25,1.93,5.1,3.34,2.01,4.5,3.23,1.95,2.5,1.53,2.65,1.54,2.71,1.58,2.55,1.52,0.5,1.95,1.98,1.95,1.96,1.96,2.01,1.92,1.95,4,3.2,2.05,4.2,3.2,2,4.9,3.25,1.85,4.21,3.15,2.12,4,3.2,2.05,3.8,3.2,2.1,4.9,3.26,2.18,4.05,3.14,2.07,2.5,1.53,2.66,1.53,2.68,1.59,2.56,1.51,0.5,1.75,2.05,1.81,2.12,1.93,2.14,1.8,2.07
SP1,30/06/2020,21:00,Barcelona,Ath Madrid,2,2,D,1,1,D,12,10,5,3,11,15,3,1,3,5,0,0,1.8,3.6,4.75,1.83,3.5,4.5,1.85,3.55,4.4,1.85,3.72,4.55,1.8,3.6,4.6,1.8,3.7,4.4,1.9,3.75,4.85,1.84,3.62,4.45,2,1.8,2.05,1.85,2.11,1.91,2.02,1.8,-0.5,1.86,2.07,1.85,2.07,1.9,2.09,1.84,2.04,1.7,3.8,5,1.7,3.75,5.25,1.75,3.7,4.8,1.75,3.79,5.21,1.7,3.75,5.25,1.7,3.75,5,1.83,4.58,5.6,1.72,3.76,4.99,2,1.8,2.04,1.86,2.09,3.16,1.97,1.86,-0.75,1.98,1.95,1.98,1.93,2.01,2.02,1.95,1.93
SP1,01/07/2020,18:30,Alaves,Granada,0,2,A,0,1,A,11,7,4,4,18,17,6,2,3,2,0,0,2.3,2.9,3.6,2.3,3,3.5,2.35,3,3.45,2.39,3.09,3.53,2.3,3,3.5,2.3,3.1,3.4,2.44,3.18,3.66,2.34,3.01,3.46,2.75,1.44,2.89,1.47,2.95,1.51,2.74,1.45,-0.25,2.01,1.92,2.02,1.9,2.03,1.95,1.98,1.89,2.1,3.1,3.9,2.3,3,3.6,2.1,3.05,4,2.14,3.17,4.13,2.1,3.1,4,2.1,3.1,3.9,2.21,3.22,4.25,2.13,3.07,3.96,2.62,1.5,2.81,1.49,2.82,1.52,2.7,1.46,-0.25,1.81,2.13,1.81,2.13,1.89,2.18,1.81,2.08
SP1,01/07/2020,18:30,Valencia,Ath Bilbao,0,2,A,0,1,A,10,12,1,4,9,12,3,5,1,0,0,0,2.5,3,3.2,2.5,3.1,3.1,2.5,3.05,3.1,2.63,3.13,3.08,2.55,3,3.1,2.45,3.1,3.1,2.66,3.15,3.25,2.51,3.05,3.1,2.5,1.53,2.54,1.58,2.55,1.62,2.45,1.55,0,1.67,2.15,1.81,2.13,1.82,2.25,1.74,2.17,2.5,3,3.1,2.5,3.1,3.1,2.45,3.1,3.05,2.51,3.18,3.2,2.45,3.1,3.1,2.45,3.2,3,2.61,3.25,3.25,2.48,3.11,3.07,2.3,1.61,2.3,1.68,2.41,1.69,2.29,1.62,-0.25,2.13,1.81,2.13,1.81,2.17,1.83,2.12,1.78
SP1,01/07/2020,21:00,Betis,Villarreal,0,2,A,0,2,A,9,15,1,6,10,16,1,5,4,1,1,0,2.87,3.5,2.4,2.8,3.4,2.5,2.8,3.45,2.45,2.85,3.61,2.52,2.8,3.5,2.45,2.75,3.5,2.45,2.92,3.68,2.58,2.81,3.49,2.46,1.72,2.1,1.79,2.14,1.84,2.18,1.77,2.06,0,2.09,1.84,2.09,1.84,2.12,1.89,2.06,1.82,2.87,3.5,2.37,2.9,3.5,2.4,2.85,3.5,2.4,2.9,3.59,2.49,2.9,3.5,2.38,2.8,3.5,2.45,3.05,3.65,2.54,2.86,3.5,2.42,1.72,2.1,1.72,2.24,1.78,2.27,1.71,2.15,0.25,1.72,2.07,1.79,2.15,1.83,2.16,1.78,2.1
SP1,01/07/2020,21:00,Valladolid,Levante,0,0,D,0,0,D,15,8,4,3,10,12,8,3,2,1,0,0,2.3,3.3,3.2,2.4,3.25,3.1,2.4,3.2,3.1,2.45,3.33,3.16,2.4,3.2,3.1,2.38,3.2,3.1,2.5,3.36,3.28,2.4,3.23,3.1,2.2,1.66,2.3,1.69,2.34,1.74,2.23,1.66,-0.25,2.04,1.89,2.09,1.84,2.12,1.89,2.06,1.82,2.15,3.5,3.3,2.2,3.4,3.3,2.35,3.3,3.1,2.41,3.34,3.22,2.3,3.4,3.1,2.25,3.4,3.13,2.45,3.58,3.37,2.3,3.31,3.22,2.07,1.83,2.08,1.83,2.11,1.92,2.01,1.8,-0.25,2.06,1.87,2.06,1.86,2.09,1.92,2.01,1.87
SP1,02/07/2020,18:30,Eibar,Osasuna,0,2,A,0,1,A,11,9,4,6,8,12,9,4,1,1,0,0,2.3,3.1,3.3,2.35,3.2,3.2,2.35,3.15,3.15,2.42,3.29,3.25,2.4,3.2,3.1,2.38,3.2,3.1,2.49,3.38,3.36,2.38,3.19,3.17,2.3,1.61,2.38,1.65,2.41,1.7,2.28,1.63,-0.25,2.07,1.86,2.06,1.86,2.1,1.9,2.04,1.84,2.25,3.3,3.3,2.45,3.1,3.1,2.3,3.2,3.3,2.39,3.21,3.29,2.35,3.2,3.25,2.3,3.25,3.2,2.45,3.31,3.5,2.33,3.19,3.25,2.2,1.66,2.3,1.68,2.35,1.73,2.24,1.65,-0.25,2.02,1.91,2.05,1.87,2.06,1.92,2,1.88
SP1,02/07/2020,18:30,Sociedad,Espanol,2,1,H,0,1,A,12,4,4,3,11,15,4,3,2,1,0,0,1.85,3.5,4.2,1.85,3.5,4.4,1.9,3.4,4.3,1.94,3.47,4.45,1.88,3.4,4.4,1.87,3.5,4.2,1.98,3.58,4.65,1.9,3.42,4.36,2.2,1.66,2.27,1.7,2.3,1.76,2.19,1.68,-0.5,1.91,1.99,1.94,1.97,1.94,2.02,1.9,1.96,1.75,3.6,4.75,1.83,3.5,4.6,1.8,3.5,4.65,1.83,3.59,4.8,1.8,3.5,4.75,1.8,3.5,4.6,1.87,3.7,5.3,1.81,3.54,4.69,2.2,1.66,2.23,1.71,2.28,1.82,2.15,1.7,-0.75,2.11,1.82,2.12,1.81,2.14,1.85,2.08,1.81
SP1,02/07/2020,21:00,Real Madrid,Getafe,1,0,H,0,0,D,8,10,4,3,15,22,6,5,5,5,0,0,1.36,4.75,8.5,1.36,5,9,1.4,4.75,8.3,1.39,4.93,9.39,1.35,4.8,9.5,1.36,4.8,8.5,1.42,5.2,10.56,1.38,4.83,8.76,1.8,2,1.88,2.02,1.92,2.07,1.81,2,-1.25,1.92,1.98,1.96,1.95,1.96,2.04,1.89,1.97,1.5,4.2,7,1.5,4,7.75,1.45,4.4,7.3,1.48,4.29,8.08,1.47,4.2,7.5,1.5,4.1,7,1.51,4.5,8.8,1.48,4.18,7.48,2.1,1.72,2.14,1.78,2.23,1.88,2.09,1.74,-1,1.89,2.04,1.88,2.04,1.94,2.13,1.85,2.03
SP1,03/07/2020,21:00,Ath Madrid,Mallorca,3,0,H,2,0,H,15,13,3,1,14,11,4,5,2,1,0,0,1.28,5.25,11,1.3,5.5,10.5,1.33,4.8,11,1.3,5.5,11.87,1.27,5.5,12,1.3,5.25,10.5,1.33,5.95,12.75,1.3,5.39,11.01,1.9,1.9,1.92,1.98,1.98,2.01,1.9,1.92,-1.5,2.09,1.84,2.1,1.82,2.12,1.88,2.05,1.84,1.28,5.5,11,1.3,5.75,9.5,1.33,4.8,11,1.31,5.61,10.63,1.27,5.8,11,1.29,5.25,11,1.33,6,12.75,1.29,5.53,10.9,1.72,2.1,1.76,2.16,1.97,2.26,1.76,2.07,-1.5,1.98,1.95,1.97,1.94,2,2.07,1.93,1.95
SP1,04/07/2020,16:00,Celta,Betis,1,1,D,1,0,H,5,10,1,3,20,18,2,8,5,4,0,0,2.15,3.4,3.4,2.15,3.4,3.4,2.2,3.4,3.35,2.2,3.46,3.44,2.2,3.4,3.3,2.15,3.4,3.4,2.3,3.5,3.58,2.18,3.4,3.38,2,1.8,2.11,1.8,2.16,1.86,2.05,1.78,-0.25,1.92,2.01,1.91,2.01,1.94,2.03,1.89,1.98,1.9,3.4,4.2,1.91,3.4,4.25,1.93,3.45,4.1,1.96,3.5,4.26,1.91,3.5,4.2,1.93,3.5,4,2,3.62,4.55,1.94,3.43,4.13,2,1.8,2.11,1.8,2.23,1.83,2.1,1.74,-0.5,1.97,1.96,1.96,1.96,2,1.97,1.96,1.92
SP1,04/07/2020,18:30,Valladolid,Alaves,1,0,H,0,0,D,5,7,3,0,13,17,1,3,0,0,0,0,2.62,2.8,3.2,2.65,2.7,3.3,2.55,2.8,3.25,2.62,2.78,3.42,2.6,2.8,3.25,2.6,2.8,3.2,2.65,2.91,3.58,2.6,2.78,3.28,3,1.4,3.04,1.42,3.05,1.44,2.89,1.4,-0.25,2.1,1.7,2.17,1.77,2.2,1.82,2.15,1.75,2.25,2.75,4,2.2,2.75,4.25,2.3,2.8,3.85,2.33,2.82,4.02,2.25,2.8,4,2.25,2.88,3.8,2.39,2.91,4.25,2.28,2.8,3.95,3.2,1.36,3.02,1.42,3.2,1.45,2.95,1.39,-0.25,1.93,2,1.94,1.98,1.95,2.02,1.91,1.96
SP1,04/07/2020,21:00,Granada,Valencia,2,2,D,0,0,D,17,4,4,3,18,14,7,3,2,2,0,0,2.9,3.2,2.55,2.9,3.1,2.6,2.9,3.2,2.55,2.92,3.32,2.56,2.9,3.2,2.55,2.88,3.25,2.5,3.04,3.36,2.66,2.89,3.22,2.55,2.2,1.66,2.26,1.7,2.36,1.74,2.24,1.65,0,2.09,1.84,2.09,1.83,2.12,1.88,2.07,1.82,2.62,3.2,2.8,2.65,3.1,2.85,2.65,3.1,2.85,2.65,3.17,2.94,2.6,3.2,2.88,2.55,3.2,2.88,2.74,3.28,3,2.64,3.15,2.84,2.3,1.61,2.37,1.64,2.43,1.69,2.31,1.61,0,1.85,2.08,1.85,2.06,1.94,2.11,1.85,2.03
SP1,05/07/2020,13:00,Ath Bilbao,Real Madrid,0,1,A,0,0,D,7,10,1,4,13,8,3,2,4,3,0,0,5,3.9,1.7,5.25,3.8,1.67,5.1,3.7,1.7,5.28,3.74,1.73,5.25,3.8,1.67,5,3.8,1.67,5.6,3.96,1.76,5.12,3.74,1.71,2,1.8,2.05,1.85,2.07,1.92,1.98,1.84,0.75,1.98,1.95,1.96,1.95,2.01,1.97,1.94,1.92,4.6,3.4,1.85,4.6,3.4,1.87,4.1,3.5,1.9,4.45,3.45,1.93,4.6,3.4,1.85,4.1,3.6,1.87,4.99,3.62,1.99,4.39,3.43,1.9,2,1.8,2.02,1.88,2.12,1.92,2.02,1.8,0.5,1.99,1.94,1.99,1.93,2.05,2,1.96,1.91
SP1,05/07/2020,16:00,Espanol,Leganes,0,1,A,0,0,D,7,4,2,2,14,22,0,3,4,3,1,0,2.7,2.9,2.9,2.7,2.95,2.9,2.65,2.95,3,2.66,3.03,3.05,2.75,3,2.8,2.63,3,2.9,2.77,3.1,3.13,2.66,2.98,2.97,2.62,1.5,2.71,1.51,2.72,1.52,2.61,1.48,0,1.86,2.07,1.83,2.1,1.89,2.11,1.83,2.05,2.2,3.25,3.4,2.25,3.1,3.5,2.25,3.05,3.55,2.29,3.11,3.64,2.2,3.2,3.5,2.2,3.1,3.6,2.36,3.33,3.7,2.25,3.12,3.52,2.62,1.5,2.71,1.51,2.8,1.55,2.59,1.49,-0.25,1.94,1.99,1.95,1.97,1.97,2.07,1.92,1.96
SP1,05/07/2020,18:30,Osasuna,Getafe,0,0,D,0,0,D,6,6,2,1,17,18,2,2,5,4,0,0,3.1,2.9,2.55,3,3,2.6,3.1,2.95,2.6,3.11,3.07,2.59,2.9,3,2.7,3,3,2.55,3.25,3.14,2.71,3.06,2.98,2.58,2.75,1.44,2.83,1.47,2.9,1.47,2.73,1.44,0,2.13,1.81,2.15,1.79,2.16,1.85,2.1,1.79,3.5,3.1,2.25,3.6,3.1,2.2,3.7,3.05,2.2,3.71,3.11,2.26,3.7,3.1,2.2,3.6,3.1,2.2,3.9,3.24,2.32,3.65,3.08,2.22,2.62,1.5,2.75,1.5,2.86,1.6,2.66,1.47,0.25,2.01,1.92,1.99,1.93,2.03,1.95,1.98,1.89
SP1,05/07/2020,21:00,Villarreal,Barcelona,1,4,A,1,3,A,11,18,4,12,11,11,2,6,1,0,0,0,4.33,4,1.72,4.5,4.1,1.7,4.2,3.95,1.77,4.33,3.97,1.81,4.4,4,1.75,4.2,4,1.75,4.65,4.2,1.84,4.31,3.98,1.77,1.57,2.37,1.58,2.49,1.64,2.55,1.57,2.4,0.75,1.91,2.02,1.88,2.04,1.92,2.04,1.87,1.99,3.8,4.2,1.8,4,4.1,1.8,4.1,4,1.8,4.14,4.15,1.81,4.2,4.2,1.75,4.1,4.1,1.75,4.41,4.4,1.84,4.11,4.09,1.78,1.57,2.37,1.58,2.5,1.6,2.55,1.54,2.44,0.75,1.87,2.06,1.88,2.04,1.95,2.06,1.88,2
SP1,06/07/2020,18:30,Levante,Sociedad,1,1,D,1,1,D,9,8,4,3,17,12,4,2,3,2,0,0,2.9,3.4,2.45,2.9,3.5,2.4,2.95,3.4,2.35,3.04,3.51,2.39,2.9,3.5,2.4,3,3.4,2.3,3.08,3.58,2.51,2.94,3.42,2.4,1.9,1.9,1.92,1.98,1.96,2.04,1.85,1.96,0.25,1.86,2.07,1.85,2.07,1.87,2.16,1.81,2.06,3.6,3.8,1.95,3.7,3.8,1.95,3.6,3.75,1.97,3.63,3.89,2,3.7,3.7,1.95,3.6,3.8,1.95,3.85,3.9,2.07,3.64,3.77,1.97,1.66,2.2,1.67,2.31,1.73,2.36,1.67,2.21,0.5,1.92,2.01,1.92,2,1.95,2.04,1.89,1.98
SP1,06/07/2020,21:00,Sevilla,Eibar,1,0,H,0,0,D,8,19,3,3,11,16,11,8,2,1,0,0,1.44,4.33,8,1.48,4.4,6.75,1.47,4.3,7.2,1.47,4.53,7.73,1.44,4.33,8,1.45,4.2,7.5,1.5,4.6,9,1.46,4.36,7.41,2,1.8,2.05,1.86,2.07,1.92,1.97,1.84,-1,1.84,2.09,1.84,2.11,1.87,2.14,1.8,2.08,1.44,4.5,7.5,1.42,4.5,8,1.4,4.8,7.6,1.44,4.49,8.47,1.42,4.4,8.5,1.45,4.4,7.5,1.47,4.85,8.7,1.43,4.51,7.74,1.92,1.98,1.97,1.93,1.97,2.04,1.87,1.94,-1.25,2.11,1.82,2.12,1.8,2.15,1.9,2.07,1.82
SP1,07/07/2020,18:30,Valencia,Valladolid,2,1,H,1,0,H,10,11,4,5,9,5,5,2,3,0,0,0,2,3.2,4.2,2,3.25,4.2,2.05,3.15,4.1,2.07,3.21,4.19,2.05,3.1,4.2,2,3.2,4.1,2.14,3.28,4.5,2.03,3.18,4.18,2.5,1.53,2.67,1.52,2.68,1.6,2.51,1.53,-0.5,2.05,1.85,2.07,1.85,2.08,1.9,2.03,1.85,1.8,3.4,5,1.8,3.4,5,1.75,3.55,4.95,1.76,3.72,5.03,1.73,3.6,5.25,1.75,3.6,4.8,1.9,3.76,5.85,1.77,3.56,4.95,2.1,1.72,2.12,1.79,2.3,1.83,2.15,1.71,-0.75,2.01,1.89,2.02,1.89,2.23,1.94,2.01,1.87
SP1,07/07/2020,21:00,Celta,Ath Madrid,1,1,D,0,1,A,9,10,4,2,14,13,6,2,3,3,0,0,4.2,3.2,2,4.33,3.1,2,4.45,3.15,1.97,4.64,3.16,2,4.4,3.2,1.95,4.33,3.2,1.95,4.64,3.3,2.08,4.41,3.16,1.99,2.62,1.5,2.72,1.5,2.72,1.6,2.62,1.49,0.5,1.91,1.99,1.92,2,1.94,2.01,1.88,1.99,5,3.3,1.83,4.75,3.25,1.87,4.6,3.25,1.9,5.12,3.3,1.88,5,3.25,1.83,4.8,3.25,1.85,5.42,3.44,1.95,4.89,3.25,1.87,2.75,1.44,2.78,1.49,2.78,1.55,2.63,1.47,0.5,2.02,1.88,2.04,1.88,2.06,1.91,1.99,1.88
SP1,08/07/2020,19:30,Betis,Osasuna,3,0,H,2,0,H,14,8,8,2,9,17,5,8,1,5,0,0,2.05,3.4,3.5,2.15,3.4,3.4,2.1,3.45,3.55,2.09,3.52,3.69,2.1,3.4,3.6,2.05,3.5,3.5,2.16,3.6,3.84,2.1,3.43,3.53,1.98,1.92,1.98,1.92,2.02,1.97,1.94,1.87,-0.25,1.75,2.05,1.81,2.12,1.86,2.13,1.8,2.07,1.83,3.5,4.5,1.87,3.5,4.33,1.87,3.5,4.3,1.9,3.53,4.48,1.85,3.5,4.5,1.85,3.6,4.2,1.96,3.62,4.8,1.88,3.49,4.37,2.02,1.88,2.02,1.88,2.11,1.94,1.98,1.83,-0.5,1.88,2.05,1.9,2.01,1.92,2.05,1.89,1.99
SP1,08/07/2020,19:30,Getafe,Villarreal,1,3,A,0,0,D,5,6,2,3,19,10,1,3,4,1,0,1,2.6,3,2.87,2.6,3,3,2.6,3.05,2.95,2.68,3.12,2.94,2.62,3.1,2.88,2.55,3.13,2.9,2.73,3.28,3.02,2.61,3.08,2.91,2.5,1.53,2.55,1.56,2.63,1.61,2.46,1.55,0,1.83,2.07,1.86,2.05,1.91,2.12,1.83,2.05,2.5,3.1,3,2.6,3.1,2.9,2.55,3,3.05,2.61,3.05,3.1,2.55,3.1,3,2.5,3.1,3,2.69,3.22,3.18,2.55,3.05,3.03,2.5,1.53,2.53,1.57,2.57,1.63,2.47,1.55,0,1.81,2.13,1.79,2.14,1.83,2.19,1.78,2.12
SP1,08/07/2020,21:00,Barcelona,Espanol,1,0,H,0,0,D,9,11,2,2,8,12,6,5,0,2,1,1,1.14,8,19,1.15,8,18.5,1.15,7.8,18.5,1.14,8.55,22.52,1.11,9,26,1.12,9,21,1.16,10.25,31,1.14,8.41,20.7,1.44,2.75,1.46,2.84,2.05,2.86,1.46,2.7,-2.25,1.98,1.92,1.99,1.91,2.02,1.97,1.96,1.91,1.12,8.5,19,1.15,8.5,15,1.17,7.2,16,1.14,8.35,21.73,1.12,8.5,21,1.17,7.5,17,1.17,9.8,23.54,1.15,8.2,18.99,1.5,2.62,1.49,2.74,1.52,2.93,1.46,2.67,-2,1.94,1.99,1.9,2,1.96,2.05,1.89,1.98
SP1,09/07/2020,18:30,Eibar,Leganes,0,0,D,0,0,D,4,10,1,1,21,13,8,1,3,3,0,0,2.45,3,3.1,2.5,3.1,3.1,2.5,3.05,3.1,2.51,3.1,3.19,2.5,3.1,3.1,2.45,3.1,3,2.61,3.22,3.25,2.5,3.05,3.1,2.5,1.53,2.58,1.55,2.65,1.6,2.49,1.53,-0.25,2.1,1.7,2.13,1.8,2.21,1.82,2.13,1.76,2.3,3.1,3.4,2.35,3,3.4,2.35,2.9,3.5,2.37,3.01,3.58,2.35,3,3.4,2.38,2.9,3.5,2.49,3.16,3.66,2.37,2.97,3.44,3.2,1.36,3.03,1.42,3.2,1.45,2.89,1.41,-0.25,2.03,1.9,2,1.92,2.05,1.93,2.01,1.87
SP1,09/07/2020,18:30,Mallorca,Levante,2,0,H,1,0,H,15,14,5,2,11,20,1,5,3,1,0,0,2.05,3.6,3.3,2.15,3.4,3.4,2.1,3.6,3.4,2.07,3.89,3.42,2.05,3.75,3.3,2.05,3.6,3.4,2.22,3.89,3.5,2.09,3.66,3.37,1.8,2,1.82,2.08,1.92,2.08,1.82,1.99,-0.25,1.75,2.05,1.81,2.11,1.89,2.11,1.82,2.05,1.85,3.8,3.8,1.91,3.8,3.8,1.93,3.85,3.65,1.96,4.01,3.69,1.91,3.8,3.8,1.9,3.9,3.7,1.99,4.15,3.93,1.92,3.85,3.72,1.57,2.37,1.62,2.42,1.67,2.53,1.6,2.33,-0.5,1.94,1.96,1.96,1.96,1.97,2.01,1.93,1.94
SP1,09/07/2020,21:00,Ath Bilbao,Sevilla,1,2,A,1,0,H,13,20,4,7,18,9,4,7,3,2,0,0,3.1,3,2.45,3,3,2.6,3.05,3,2.55,3.09,3.07,2.6,3,3.1,2.55,3,3.1,2.5,3.17,3.2,2.68,3.05,3.02,2.55,2.5,1.53,2.67,1.52,2.69,1.53,2.55,1.5,0,2.11,1.79,2.14,1.79,2.19,1.84,2.12,1.77,3,3,2.62,3,3,2.6,2.9,3,2.65,3,3.01,2.72,3,3,2.62,2.88,3,2.7,3.08,3.1,2.8,2.93,2.99,2.67,2.37,1.57,2.42,1.61,2.48,1.67,2.35,1.59,0,2.07,1.86,2.06,1.86,2.1,1.9,2.03,1.85
SP1,10/07/2020,18:30,Sociedad,Granada,2,3,A,0,2,A,19,4,5,3,12,13,8,3,2,3,0,0,1.72,3.6,5.25,1.75,3.7,4.75,1.75,3.7,4.8,1.76,3.81,4.93,1.73,3.7,5,1.73,3.7,4.75,1.8,3.9,5.35,1.74,3.7,4.88,1.9,1.9,2.01,1.88,2.05,1.94,1.95,1.86,-0.75,2,1.9,2.01,1.91,2.03,1.93,1.98,1.89,1.75,3.6,4.75,1.8,3.6,4.6,1.77,3.5,4.85,1.81,3.61,4.94,1.75,3.6,5,1.8,3.5,4.75,1.85,3.74,5.3,1.78,3.56,4.83,2.2,1.66,2.27,1.69,2.42,1.83,2.2,1.68,-0.75,2.04,1.89,2.07,1.85,2.1,1.96,2.04,1.85
SP1,10/07/2020,21:00,Real Madrid,Alaves,2,0,H,1,0,H,18,10,8,4,5,17,3,2,0,1,0,0,1.2,6.5,13,1.2,7,13.5,1.25,5.9,12,1.22,6.41,14.81,1.22,6,15,1.22,6,13,1.26,7,16.75,1.22,6.33,13.66,1.61,2.3,1.65,2.31,1.69,2.39,1.62,2.29,-1.75,1.98,1.92,2.01,1.89,2.02,1.99,1.96,1.9,1.22,6,15,1.26,5.75,12.5,1.27,5.8,10.5,1.25,6.35,12.92,1.22,5.8,17,1.25,5.75,12,1.29,6.8,17,1.24,5.94,13.18,1.72,2.1,1.72,2.23,1.8,2.26,1.71,2.13,-1.5,1.94,1.99,1.91,2.01,1.98,2.12,1.89,1.99
SP1,11/07/2020,16:00,Osasuna,Celta,2,1,H,1,1,D,15,12,5,3,10,11,3,4,2,2,0,0,3.2,3,2.45,3.2,3,2.45,3.1,3.1,2.45,3.12,3.18,2.51,3.1,3.1,2.45,3.1,3.13,2.45,3.26,3.25,2.57,3.1,3.11,2.46,2.3,1.61,2.45,1.6,2.49,1.67,2.35,1.6,0.25,1.81,2.13,1.79,2.14,1.83,2.14,1.78,2.11,3.25,3.2,2.3,3.3,3.1,2.35,3.2,3.15,2.35,3.26,3.18,2.42,3.3,3.2,2.3,3.13,3.2,2.38,3.5,3.28,2.5,3.23,3.15,2.37,2.3,1.61,2.38,1.63,2.43,1.7,2.31,1.61,0.25,1.88,2.05,1.85,2.07,1.97,2.07,1.85,2.03
SP1,11/07/2020,18:30,Valladolid,Barcelona,0,1,A,0,1,A,13,9,4,6,15,13,4,5,2,2,0,0,9.5,5.25,1.3,8.5,5,1.36,9.3,4.95,1.35,10.02,5,1.36,10,5,1.33,9.5,5,1.33,11,5.4,1.38,9.63,4.99,1.34,1.72,2.1,1.78,2.13,1.82,2.2,1.73,2.12,1.5,1.88,2.05,1.87,2.05,1.92,2.07,1.85,2.02,11,5.5,1.28,9.75,5.5,1.3,8.8,5.3,1.33,10.93,5.85,1.29,11,5.8,1.27,10.5,5.5,1.29,13,6.15,1.33,10.39,5.52,1.3,1.72,2.1,1.78,2.14,1.82,2.26,1.73,2.11,1.5,1.99,1.94,1.99,1.93,2.12,1.99,1.95,1.93
SP1,11/07/2020,21:00,Ath Madrid,Betis,1,0,H,0,0,D,9,21,4,3,10,10,2,4,1,3,1,0,1.5,3.8,8,1.48,4.25,7.25,1.5,4.15,6.9,1.49,4.33,7.58,1.47,4.2,8,1.5,4.1,7,1.52,4.4,8.9,1.49,4.18,7.41,2,1.8,2.03,1.87,2.09,1.91,1.99,1.82,-1,1.9,2.03,1.89,2.03,1.93,2.1,1.85,2.02,1.33,5,10,1.36,4.75,9.5,1.4,4.6,8.3,1.33,5.24,10.64,1.33,5,10,1.33,5,9.5,1.4,5.45,12,1.34,5,9.85,1.72,2.1,1.78,2.14,1.95,2.26,1.77,2.06,-1.25,1.75,2.05,1.79,2.14,1.86,2.19,1.8,2.09
SP1,12/07/2020,13:00,Espanol,Eibar,0,2,A,0,2,A,14,11,3,6,13,14,7,2,2,2,0,0,3.4,3.2,2.25,3.3,3.2,2.3,3.4,3.15,2.25,3.44,3.37,2.24,3.4,3.25,2.25,3.4,3.2,2.2,3.55,3.4,2.38,3.39,3.24,2.25,2.5,1.53,2.47,1.59,2.55,1.64,2.43,1.56,0.25,1.98,1.95,1.98,1.93,1.98,1.97,1.94,1.93,3,2.8,2.8,3.4,3.2,2.25,3.05,2.8,2.75,3.17,2.74,2.83,3,2.8,2.75,3,2.9,2.63,3.18,2.98,2.92,3.06,2.8,2.74,3,1.4,2.81,1.48,3.06,1.48,2.78,1.43,0,2.05,1.88,2.07,1.85,2.09,1.92,2.04,1.84
SP1,12/07/2020,16:00,Levante,Ath Bilbao,1,2,A,0,2,A,5,12,1,5,10,15,2,6,0,1,0,0,3.8,3.2,2.1,3.5,3.25,2.2,3.55,3.3,2.15,3.67,3.4,2.14,3.6,3.25,2.15,3.4,3.3,2.15,3.85,3.41,2.27,3.55,3.28,2.16,2.2,1.66,2.2,1.74,2.27,1.78,2.16,1.69,0.25,2.04,1.89,2.07,1.85,2.07,1.91,2.01,1.86,3.1,3.4,2.3,3,3.4,2.35,3.1,3.35,2.3,3.23,3.43,2.32,3.1,3.4,2.3,3.1,3.4,2.3,3.35,3.5,2.44,3.12,3.37,2.32,1.9,1.9,1.94,1.96,1.99,2.03,1.91,1.9,0.25,1.9,2.03,1.92,2,1.93,2.06,1.88,2
SP1,12/07/2020,18:30,Leganes,Valencia,1,0,H,1,0,H,10,16,1,5,21,9,2,8,4,1,1,0,3.4,3.1,2.3,3.4,3.1,2.3,3.4,3.1,2.3,3.45,3.2,2.32,3.4,3.1,2.3,3.4,3.13,2.25,3.6,3.26,2.43,3.37,3.13,2.3,2.5,1.53,2.52,1.57,2.57,1.63,2.45,1.55,0.25,1.94,1.99,1.93,1.99,1.94,2.06,1.9,1.96,2.7,3.1,2.8,2.65,3.1,2.85,2.7,3.1,2.8,2.67,3.26,2.84,2.75,3.1,2.75,2.63,3.13,2.8,2.92,3.28,2.93,2.69,3.13,2.8,2.37,1.57,2.47,1.6,2.64,1.64,2.45,1.55,0,1.9,2.03,1.9,2.02,1.96,2.04,1.9,1.98
SP1,12/07/2020,21:00,Sevilla,Mallorca,2,0,H,1,0,H,14,14,5,5,14,7,5,5,3,2,0,0,1.4,4.75,8.5,1.42,4.75,7.5,1.42,4.7,7.3,1.4,5.06,8.14,1.38,4.8,8.5,1.4,4.75,7.5,1.44,5.15,9.4,1.4,4.81,7.83,1.72,2.1,1.69,2.28,1.77,2.3,1.69,2.18,-1.25,1.96,1.94,2,1.92,2,1.98,1.94,1.93,1.36,5,8,1.36,5.25,7.75,1.45,4.5,7,1.39,5.3,7.94,1.38,5,8,1.36,5,8,1.45,5.45,9.6,1.38,5.11,7.89,1.53,2.5,1.55,2.59,1.65,2.63,1.56,2.42,-1.25,1.87,2.03,1.87,2.05,1.9,2.15,1.84,2.04
SP1,13/07/2020,18:30,Alaves,Getafe,0,0,D,0,0,D,3,14,1,4,26,15,2,4,4,2,0,0,3.5,3,2.25,3.6,2.85,2.4,3.65,2.9,2.3,3.69,2.9,2.39,3.75,2.88,2.3,3.6,2.9,2.3,4,3.06,2.43,3.66,2.91,2.32,3.2,1.36,3.09,1.41,3.2,1.43,2.95,1.39,0.25,1.94,1.99,1.91,2.01,1.97,2.03,1.91,1.95,3.3,2.7,2.62,3.25,2.75,2.65,3.15,2.75,2.7,3.18,2.71,2.86,3.3,2.62,2.7,3.13,2.8,2.63,3.55,2.86,2.86,3.25,2.71,2.69,3.2,1.36,3.13,1.4,3.2,1.42,3.01,1.38,0,2.14,1.8,2.07,1.85,2.23,1.85,2.11,1.79
SP1,13/07/2020,18:30,Villarreal,Sociedad,1,2,A,0,0,D,9,11,3,6,12,11,2,10,2,2,0,0,2.3,3.25,3.1,2.2,3.6,3.1,2.25,3.5,3.05,2.3,3.56,3.14,2.25,3.5,3.1,2.25,3.5,3,2.38,3.66,3.24,2.28,3.5,3.07,1.8,2,1.81,2.09,1.87,2.13,1.78,2.04,-0.25,2.01,1.92,2,1.92,2.01,1.93,1.98,1.89,2.3,3.5,3,2.25,3.5,3.1,2.35,3.35,3.05,2.39,3.42,3.09,2.25,3.4,3.2,2.3,3.5,3,2.41,3.58,3.4,2.32,3.4,3.1,1.96,1.94,1.96,1.94,2.01,2.05,1.89,1.92,-0.25,2.08,1.85,2.1,1.82,2.11,1.89,2.03,1.85
SP1,13/07/2020,21:00,Granada,Real Madrid,1,2,A,0,2,A,13,11,4,5,18,18,4,3,2,2,0,0,6.5,4.5,1.45,7,4.6,1.45,7,4.45,1.46,7.79,4.58,1.45,7.5,4.4,1.44,7,4.5,1.45,8.1,4.8,1.5,7.12,4.51,1.45,1.72,2.1,1.76,2.16,1.82,2.2,1.73,2.11,1.25,1.82,2.11,1.83,2.09,1.87,2.12,1.81,2.06,8.5,4.5,1.4,8,4.75,1.4,8.2,4.6,1.4,8.29,4.74,1.42,8.5,4.5,1.4,8,4.6,1.4,9.23,5.05,1.44,8.15,4.64,1.41,1.8,2,1.83,2.07,1.9,2.13,1.8,2.02,1.25,1.92,2.01,1.91,2.01,2.07,2.04,1.91,1.97
SP1,16/07/2020,17:30,Eibar,Valladolid,3,1,H,2,0,H,13,17,7,8,19,13,3,12,4,0,0,0,2.1,3.1,3.8,2.15,3.1,3.5,2.2,3.1,3.65,2.25,3.13,3.71,2.2,3.1,3.7,2.15,3.13,3.6,2.32,3.23,3.9,2.19,3.12,3.67,2.5,1.53,2.49,1.59,2.57,1.63,2.44,1.55,-0.25,1.87,2.03,1.91,2.01,1.93,2.05,1.87,2,2.25,3.25,3.3,2.2,3.1,3.4,2.35,3.15,3.2,2.38,3.23,3.29,2.3,3.25,3.25,2.38,3.2,3.1,2.43,3.35,3.65,2.32,3.17,3.3,2.2,1.66,2.25,1.7,2.39,1.76,2.21,1.66,-0.25,2.05,1.88,2.04,1.88,2.09,1.97,2.01,1.87
SP1,16/07/2020,20:00,Ath Bilbao,Leganes,0,2,A,0,0,D,10,16,3,4,11,11,3,3,2,3,1,0,1.8,3.4,4.75,1.8,3.4,5,1.83,3.35,4.9,1.82,3.51,5.04,1.8,3.4,5,1.8,3.3,5,1.86,3.56,5.45,1.81,3.41,4.91,2.5,1.53,2.66,1.52,2.66,1.54,2.56,1.49,-0.5,1.82,2.08,1.82,2.1,1.86,2.13,1.81,2.06,1.9,3.3,4.5,1.9,3.3,4.5,1.97,3.2,4.35,2.01,3.34,4.27,1.91,3.25,4.5,1.95,3.2,4.33,2.04,3.45,4.88,1.95,3.25,4.35,2.75,1.44,2.75,1.5,2.75,1.55,2.65,1.46,-0.5,2.03,1.9,2.01,1.91,2.04,1.99,1.97,1.9
SP1,16/07/2020,20:00,Barcelona,Osasuna,1,2,A,0,1,A,19,9,3,5,7,14,10,2,4,1,0,1,1.14,8,17,1.14,8.5,17,1.17,7.4,16,1.15,8.28,19.76,1.14,8,19,1.14,8,17,1.18,8.75,23,1.15,8,17.44,1.44,2.75,1.44,2.91,1.49,2.91,1.44,2.76,-2,1.85,2.05,1.87,2.03,1.9,2.1,1.83,2.03,1.12,9,17,1.16,9,13,1.15,8,17,1.14,9.07,18.34,1.14,9,15,1.15,8,15,1.19,10.1,22,1.15,8.35,16.77,1.36,3.2,1.33,3.47,1.45,3.66,1.35,3.15,-2,1.86,2.07,1.75,2.17,1.89,2.2,1.8,2.09
SP1,16/07/2020,20:00,Betis,Alaves,1,2,A,0,0,D,14,9,7,5,14,18,6,5,6,4,1,1,2.3,3.3,3.1,2.35,3.2,3.2,2.35,3.25,3.15,2.39,3.32,3.19,2.4,3.2,3.1,2.3,3.3,3.13,2.51,3.36,3.3,2.35,3.25,3.16,2.2,1.66,2.25,1.7,2.3,1.76,2.17,1.69,-0.25,2.02,1.88,2.05,1.87,2.1,1.9,2.01,1.86,1.95,3.5,4,1.95,3.5,3.9,1.97,3.45,4,2.01,3.55,3.98,1.95,3.5,4,1.91,3.5,4.1,2.19,3.66,4.1,1.98,3.47,3.94,2.1,1.72,2.14,1.78,2.24,1.83,2.11,1.73,-0.5,1.98,1.95,2.01,1.91,2.19,1.97,1.98,1.89
SP1,16/07/2020,20:00,Celta,Levante,2,3,A,2,2,D,16,8,6,4,11,15,8,4,3,0,1,1,1.61,4,5.25,1.62,4.1,5.25,1.6,4.2,5.2,1.6,4.5,5.32,1.6,4.33,5.25,1.62,4.1,5,1.65,4.55,5.82,1.61,4.23,5.16,1.72,2.1,1.69,2.26,1.79,2.3,1.72,2.13,-1,2.05,1.75,2.09,1.83,2.19,1.93,2.07,1.8,1.44,4.5,7,1.44,4.75,7,1.45,4.7,6.7,1.46,4.87,6.91,1.52,4.2,6.5,1.44,4.6,7,1.57,5.02,7.9,1.46,4.65,6.8,1.61,2.3,1.65,2.35,1.75,2.39,1.64,2.26,-1,1.7,2.1,1.75,2.21,1.96,2.27,1.74,2.16
SP1,16/07/2020,20:00,Getafe,Ath Madrid,0,2,A,0,0,D,15,11,6,3,14,11,4,3,1,2,1,0,3.6,2.9,2.25,3.8,2.9,2.25,3.55,2.9,2.35,3.54,3.01,2.39,3.6,2.9,2.35,3.6,2.9,2.3,3.91,3.1,2.47,3.56,2.95,2.33,3,1.4,3,1.43,3,1.45,2.87,1.4,0.25,1.92,1.98,1.9,2.02,1.97,2.02,1.89,1.97,3.6,3,2.25,3.6,2.95,2.3,3.7,2.95,2.25,3.79,2.97,2.31,3.7,3,2.25,3.6,3,2.25,3.92,3.1,2.43,3.66,2.96,2.28,2.75,1.44,2.86,1.46,3,1.5,2.78,1.43,0.25,1.98,1.95,1.97,1.95,2.07,2.02,1.95,1.93
SP1,16/07/2020,20:00,Mallorca,Granada,1,2,A,1,1,D,18,14,5,6,14,18,5,6,7,5,2,0,2.05,3.4,3.5,2.05,3.4,3.7,2.05,3.4,3.65,2.06,3.59,3.74,2.05,3.5,3.6,2.1,3.4,3.5,2.17,3.74,3.85,2.06,3.47,3.63,2,1.8,2.05,1.85,2.15,1.89,2.05,1.78,-0.25,1.83,2.07,1.78,2.16,1.86,2.17,1.78,2.1,2.37,3.4,3,2.35,3.5,2.95,2.4,3.45,2.9,2.42,3.53,2.97,2.4,3.4,3,2.4,3.4,2.88,2.47,3.62,3.15,2.38,3.45,2.94,1.86,2.04,1.88,2.02,1.98,2.15,1.82,2,-0.25,2.13,1.81,2.09,1.83,2.15,1.86,2.07,1.81
SP1,16/07/2020,20:00,Real Madrid,Villarreal,2,1,H,1,0,H,12,8,7,4,13,13,4,2,3,2,0,0,1.45,4.75,6,1.44,4.75,6.75,1.43,4.9,6.8,1.45,4.95,6.99,1.44,4.75,7,1.45,4.6,6.5,1.49,5.1,7.6,1.45,4.79,6.61,1.57,2.37,1.58,2.5,1.64,2.52,1.56,2.4,-1.25,2.02,1.88,2.03,1.88,2.11,1.93,2,1.86,1.33,5.5,8.5,1.3,5.75,9.5,1.33,5.3,8.8,1.32,5.8,9.6,1.3,5.5,10,1.3,5.5,9,1.42,6.4,11.25,1.32,5.56,8.99,1.5,2.62,1.5,2.74,1.57,2.82,1.49,2.59,-1.5,1.96,1.97,1.94,1.97,2.01,2.07,1.92,1.95
SP1,16/07/2020,20:00,Sociedad,Sevilla,0,0,D,0,0,D,11,8,4,3,16,13,3,2,1,2,0,0,2.37,3.3,2.9,2.4,3.4,2.95,2.4,3.35,2.9,2.4,3.52,3.01,2.45,3.4,2.9,2.4,3.4,2.88,2.55,3.6,3.08,2.41,3.42,2.91,1.9,1.9,1.93,1.97,2,2,1.92,1.89,-0.25,2.1,1.8,2.08,1.84,2.14,1.85,2.08,1.8,2,3.6,3.6,2.05,3.5,3.6,2.05,3.4,3.65,2.1,3.46,3.74,2.05,3.5,3.6,2.05,3.5,3.5,2.28,3.68,3.78,2.08,3.47,3.57,2.03,1.87,2.12,1.79,2.12,2.05,1.99,1.83,-0.25,1.77,2.02,1.81,2.12,1.96,2.22,1.8,2.08
SP1,16/07/2020,20:00,Valencia,Espanol,1,0,H,1,0,H,9,18,3,6,9,18,4,4,2,4,1,0,1.53,4,6,1.53,4.2,6.25,1.55,4.15,6.1,1.53,4.34,6.63,1.52,4.2,6.5,1.53,4.1,6,1.59,4.4,7,1.54,4.21,6.22,1.9,1.9,1.96,1.94,2.01,1.99,1.9,1.9,-1,1.97,1.93,1.98,1.94,2.01,1.98,1.94,1.92,2.1,3.4,3.5,2.1,3.5,3.5,2.15,3.35,3.4,2.17,3.46,3.54,2.1,3.4,3.6,2.1,3.5,3.4,2.26,3.62,4.32,2.11,3.42,3.54,1.99,1.91,2.01,1.88,2.04,2.05,1.94,1.87,-0.25,1.87,2.06,1.88,2.04,1.89,2.06,1.84,2.1
SP1,19/07/2020,16:00,Alaves,Barcelona,0,5,A,0,3,A,8,16,0,8,17,15,2,1,0,0,0,0,5.5,4.33,1.53,6,4.25,1.5,5.3,4.25,1.6,,,,5.5,4.33,1.57,5.5,4.2,1.57,6,4.6,1.63,5.44,4.3,1.57,1.66,2.2,,,1.76,2.3,1.69,2.14,1,,,,,1.99,2.09,1.88,1.97,7,4.75,1.4,6.75,4.5,1.42,7.25,4.8,1.4,7.04,5.45,1.41,7,5.25,1.4,7,5,1.4,8.8,5.45,1.48,7.11,4.91,1.42,1.53,2.5,1.52,2.68,1.71,2.69,1.54,2.46,1.25,2.05,1.88,2.05,1.86,2.11,1.95,2.01,1.87
SP1,19/07/2020,17:30,Valladolid,Betis,2,0,H,1,0,H,13,10,4,3,17,10,3,5,2,2,0,0,2.62,3.3,2.62,2.6,3.25,2.65,2.65,3.25,2.75,2.65,3.32,2.82,2.6,3.3,2.75,2.63,3.4,2.63,2.77,3.45,2.91,2.62,3.27,2.73,2.1,1.72,2.16,1.75,2.22,1.85,2.08,1.75,0,,,1.88,2.01,1.96,2.04,1.9,1.96,2.8,3.4,2.5,2.6,3.4,2.55,2.85,3.3,2.45,2.96,3.59,2.4,2.9,3.4,2.45,2.8,3.5,2.4,3.15,3.7,2.62,2.84,3.46,2.44,1.72,2.1,1.68,2.28,1.82,2.28,1.7,2.15,0.25,1.82,2.11,1.83,2.08,1.86,2.16,1.79,2.1
SP1,19/07/2020,17:30,Villarreal,Eibar,4,0,H,0,0,D,12,11,5,3,4,9,4,4,0,0,0,0,1.53,4,6,1.5,4.2,6,1.53,4.4,5.9,,,,1.52,4.5,6,1.5,4.4,6,1.56,4.75,6.8,1.51,4.4,6,1.72,2.1,,,1.77,2.28,1.67,2.18,-1,,,,,1.91,2.09,1.85,2,1.6,4.2,5.25,1.65,3.9,4.75,1.63,3.9,5.5,1.63,4.11,5.63,1.57,4.2,5.8,1.6,4,5.5,1.74,4.4,5.9,1.62,4.05,5.34,1.61,2.3,1.62,2.42,1.69,2.45,1.63,2.28,-0.75,1.72,2.07,1.8,2.13,1.82,2.2,1.77,2.11
SP1,19/07/2020,20:00,Ath Madrid,Sociedad,1,1,D,1,0,H,6,10,3,4,16,9,2,3,1,2,0,0,1.95,3,4.5,2,3.1,4,1.97,3.3,4.15,2.01,3.32,4.27,1.95,3.3,4.2,2,3.25,4,2.04,3.5,4.5,1.99,3.27,4.1,2.5,1.53,2.4,1.61,2.5,1.66,2.37,1.58,-0.5,,,2,1.89,2.04,1.9,1.99,1.85,2.1,3.1,4,2.05,2.9,4.25,2.15,2.95,3.9,2.19,2.94,4.24,2.05,3.1,4.2,2.1,3.2,3.75,2.2,3.2,4.45,2.11,3.04,4.02,2.3,1.61,2.39,1.63,2.55,1.71,2.3,1.61,-0.25,1.77,2.02,1.83,2.09,1.83,2.19,1.79,2.1
SP1,19/07/2020,20:00,Espanol,Celta,0,0,D,0,0,D,8,9,1,3,10,11,1,4,2,3,0,0,5,3.8,1.66,5.75,3.7,1.6,5.5,3.8,1.65,6.1,3.83,1.64,5.25,3.8,1.67,5.25,3.7,1.67,6.65,3.96,1.7,5.6,3.74,1.65,2.1,1.72,2.14,1.76,2.22,1.81,2.12,1.71,0.75,,,2.08,1.83,2.08,1.92,2.01,1.83,5.5,3.75,1.65,5,3.7,1.67,5.75,3.8,1.65,4.88,3.84,1.76,5.25,3.75,1.7,5.25,3.9,1.65,5.85,3.96,1.78,5.07,3.79,1.7,1.9,1.9,1.98,1.92,2.04,2.03,1.96,1.84,0.75,1.98,1.95,1.92,2,2.03,2.03,1.95,1.92
SP1,19/07/2020,20:00,Granada,Ath Bilbao,4,0,H,1,0,H,11,11,6,3,10,11,2,3,1,2,0,0,2,3.5,3.4,2.1,3.2,3.5,2,3.4,3.8,1.99,3.65,3.91,2,3.6,3.7,2.05,3.4,3.6,2.1,3.85,3.95,2.03,3.47,3.7,2.1,1.72,2.16,1.75,2.24,1.8,2.16,1.69,-0.5,,,1.98,1.92,2.11,1.92,1.99,1.83,1.66,3.8,5,1.72,3.75,4.5,1.73,3.55,5.25,1.7,3.94,5.22,1.7,3.8,5,1.67,3.75,5.25,1.8,4,5.25,1.71,3.78,4.97,2,1.8,2.06,1.84,2.12,1.9,2.03,1.78,-0.75,1.96,1.97,1.93,1.98,2.04,1.99,1.93,1.94
SP1,19/07/2020,20:00,Leganes,Real Madrid,2,2,D,1,1,D,15,7,7,4,9,11,5,2,4,1,0,0,2.62,3.8,2.35,2.85,3.4,2.35,2.75,3.65,2.4,2.88,3.54,2.48,2.62,3.7,2.5,2.63,3.4,2.63,2.85,3.95,2.63,2.73,3.58,2.43,1.9,1.9,1.9,1.98,1.94,2.08,1.82,1.96,0.25,,,1.78,2.14,1.81,2.19,1.74,2.11,3.25,3.6,2.1,3.2,3.6,2.1,3.1,3.75,2.2,3.27,3.88,2.13,3.3,3.7,2.1,3.13,3.6,2.2,3.56,3.9,2.31,3.21,3.68,2.13,1.72,2.1,1.76,2.16,1.88,2.26,1.76,2.06,0.25,2.03,1.9,2.05,1.87,2.06,1.93,2,1.88
SP1,19/07/2020,20:00,Levante,Getafe,1,0,H,0,0,D,13,13,4,4,10,12,6,8,2,4,0,0,5,3.8,1.66,5,3.6,1.7,4.75,3.5,1.8,5.14,3.41,1.83,4.8,3.7,1.75,4.75,3.6,1.75,5.8,3.9,1.87,4.86,3.55,1.77,2.1,1.72,2.12,1.78,2.16,1.85,2.06,1.75,0.75,,,1.82,2.08,1.89,2.09,1.83,2.02,7,4.5,1.44,6.5,4.4,1.45,7,4.3,1.47,6.92,4.64,1.48,7,4.6,1.44,7,4.6,1.44,7.7,4.85,1.5,6.91,4.52,1.45,1.66,2.2,1.7,2.25,1.8,2.3,1.68,2.17,1.25,1.88,2.05,1.86,2.05,1.91,2.08,1.86,2.01
SP1,19/07/2020,20:00,Osasuna,Mallorca,2,2,D,1,1,D,12,12,5,4,17,10,3,5,2,0,0,0,1.75,3.75,4.2,1.78,3.5,4.4,1.8,3.75,4.3,1.79,3.92,4.52,1.83,3.8,4.2,1.83,3.7,4.1,1.88,3.92,4.7,1.81,3.72,4.33,1.9,1.9,1.9,1.98,1.97,2.03,1.88,1.91,-0.5,,,1.79,2.12,1.88,2.12,1.8,2.03,1.61,4.2,5,1.65,4.2,4.4,1.67,3.95,4.8,1.67,4.29,4.98,1.7,4,4.75,1.62,4.2,5,1.72,4.35,5.25,1.66,4.16,4.8,1.61,2.3,1.61,2.44,1.7,2.46,1.62,2.3,-0.75,1.85,2.08,1.85,2.07,1.89,2.11,1.84,2.04
SP1,19/07/2020,20:00,Sevilla,Valencia,1,0,H,0,0,D,16,8,4,2,11,6,4,7,0,1,0,0,1.9,3.4,4,1.9,3.6,3.8,1.93,3.6,3.9,1.93,3.78,3.99,1.91,3.7,3.9,1.91,3.6,3.9,2.02,3.8,4.15,1.93,3.63,3.88,1.9,1.9,1.96,1.93,2.01,1.98,1.92,1.87,-0.5,,,1.93,1.97,2.02,1.98,1.92,1.91,1.7,4,4.75,1.7,4.1,4.2,1.73,3.9,4.5,1.72,4.29,4.55,1.7,4.2,4.6,1.7,4.1,4.5,1.78,4.35,4.83,1.71,4.11,4.49,1.57,2.37,1.58,2.51,1.66,2.55,1.59,2.35,-0.75,1.94,1.99,1.93,1.99,1.96,2,1.92,1.95
